Producto;_alg_ean
Gomas para oculares 2UUL ;25060402
Cable Apple C a Lightning Original A1703 ;190198496263
Cargador de Pared Apple 20W USB C Original ;195949537028
Flex Puerto de Carga iPhone 12 Pro Max (silver) ;107082082927
Tapa trasera iPhone 11 - Big Hole ;
Tapa trasera iPhone 11 - Big Hole  C: Amarillo;145739021
Tapa trasera iPhone 11 - Big Hole  C: Blanco;147054682
Tapa trasera iPhone 11 - Big Hole  C: Negro;145739023
Tapa trasera iPhone 11 - Big Hole  C: Purpura;25130401
Tapa trasera iPhone 11 - Big Hole  C: Rojo;25130402
Tapa trasera iPhone 11 - Big Hole  C: Verde;25090409
Tapa trasera iPhone 11 PRO - Big Hole ;
Tapa trasera iPhone 11 PRO - Big Hole  C: Blanco;25090410
Tapa trasera iPhone 11 PRO - Big Hole  C: Dorado;25100401
Tapa trasera iPhone 11 PRO - Big Hole  C: Verde;65646849849
Tapa trasera iPhone 11 PRO - Big Hole  C: Space Gray;25090420
Tapa trasera iPhone 11 PRO MAX - Big Hole ;
Tapa trasera iPhone 11 PRO MAX - Big Hole  C: Blanco;25130403
Tapa trasera iPhone 11 PRO MAX - Big Hole  C: Dorado;25090405
Tapa trasera iPhone 11 PRO MAX - Big Hole  C: Verde;25130404
Tapa trasera iPhone 11 PRO MAX - Big Hole  C: Space Gray;25090138
Tapa trasera iPhone 12 - Big Hole ;
Tapa trasera iPhone 12 - Big Hole  C: Azul;25100403
Tapa trasera iPhone 12 - Big Hole  C: Blanco;25100402
Tapa trasera iPhone 12 - Big Hole  C: Negro;25090418
Tapa trasera iPhone 12 - Big Hole  C: Purpura;25090412
Tapa trasera iPhone 12 - Big Hole  C: Rojo;25090411
Tapa trasera iPhone 12 - Big Hole  C: Verde;25100404
Tapa trasera iPhone 12 MINI - Big Hole ;
Tapa trasera iPhone 12 MINI - Big Hole  C: Azul;25090413
Tapa trasera iPhone 12 MINI - Big Hole  C: Blanco;25100405
Tapa trasera iPhone 12 MINI - Big Hole  C: Negro;25100406
Tapa trasera iPhone 12 MINI - Big Hole  C: Purpura;25100407
Tapa trasera iPhone 12 MINI - Big Hole  C: Rojo;25100457
Tapa trasera iPhone 12 MINI - Big Hole  C: Verde;25100433
Tapa trasera iPhone 12 PRO - Big Hole ;
Tapa trasera iPhone 12 PRO - Big Hole  C: Azul;25110401
Tapa trasera iPhone 12 PRO - Big Hole  C: Blanco;25100450
Tapa trasera iPhone 12 PRO - Big Hole  C: Space Gray;25100422
Tapa trasera iPhone 12 PRO MAX - Big Hole ;
Tapa trasera iPhone 12 PRO MAX - Big Hole  C: Azul;25100441
Tapa trasera iPhone 12 PRO MAX - Big Hole  C: Blanco;2021000945
Tapa trasera iPhone 12 PRO MAX - Big Hole  C: Space Gray;25100408
Tapa trasera iPhone 13 - Big Hole ;
Tapa trasera iPhone 13 - Big Hole  C: Azul;5454545499
Tapa trasera iPhone 13 - Big Hole  C: Blanco;25100465
Tapa trasera iPhone 13 - Big Hole  C: Negro;25100410
Tapa trasera iPhone 13 - Big Hole  C: Rojo;18892400
Tapa trasera iPhone 13 - Big Hole  C: Rosa;25100446
Tapa trasera iPhone 13 - Big Hole  C: Verde;25100409
Tapa trasera iPhone 13 MINI - Big Hole ;
Tapa trasera iPhone 13 MINI - Big Hole  C: Azul;25100468
Tapa trasera iPhone 13 MINI - Big Hole  C: Blanco;25090403
Tapa trasera iPhone 13 MINI - Big Hole  C: Negro;25090419
Tapa trasera iPhone 13 PRO - Big Hole ;
Tapa trasera iPhone 13 PRO - Big Hole  C: Azul;25130405
Tapa trasera iPhone 13 PRO - Big Hole  C: Blanco;25100411
Tapa trasera iPhone 13 PRO - Big Hole  C: Verde;25100438
Tapa trasera iPhone 13 PRO - Big Hole  C: Space Gray;25100460
Tapa trasera iPhone 13 PRO MAX - Big Hole ;
Tapa trasera iPhone 13 PRO MAX - Big Hole  C: Azul;25100440
Tapa trasera iPhone 13 PRO MAX - Big Hole  C: Blanco;25100412
Tapa trasera iPhone 13 PRO MAX - Big Hole  C: Verde;25100445
Tapa trasera iPhone 13 PRO MAX - Big Hole  C: Space Gray;25100413
Tapa trasera iPhone 14 - Big Hole ;
Tapa trasera iPhone 14 - Big Hole  C: Azul;25100462
Tapa trasera iPhone 14 - Big Hole  C: Blanco;145739022
Tapa trasera iPhone 14 - Big Hole  C: Negro;25100447
Tapa trasera iPhone 14 - Big Hole  C: Purpura;25100486
Tapa trasera iPhone 14 - Big Hole  C: Rojo;25100475
Tapa trasera iPhone 14 - Con lentes de camaras ;
Tapa trasera iPhone 14 - Con lentes de camaras  C: Amarillo;22001053
Tapa trasera iPhone 14 - Con lentes de camaras  C: Azul;22001051
Tapa trasera iPhone 14 - Con lentes de camaras  C: Blanco;22001055
Tapa trasera iPhone 14 - Con lentes de camaras  C: Negro;22001054
Tapa trasera iPhone 14 - Con lentes de camaras  C: Purpura;22001052
Tapa trasera iPhone 14 - Con lentes de camaras  C: Rojo;22001056
Tapa trasera iPhone 14 PLUS - Big Hole ;
Tapa trasera iPhone 14 PLUS - Big Hole  C: Azul;25090406
Tapa trasera iPhone 14 PLUS - Big Hole  C: Negro;2021000942
Tapa trasera iPhone 14 PLUS - Big Hole  C: Purpura;25100466
Tapa trasera iPhone 14 PLUS - Big Hole  C: Rojo;25100444
Tapa trasera iPhone 14 PLUS - Big Hole  C: Blanco;25090415
Tapa trasera iPhone 14 PLUS - Con lentes de camaras ;
Tapa trasera iPhone 14 PLUS - Con lentes de camaras  C: Amarillo;22001059
Tapa trasera iPhone 14 PLUS - Con lentes de camaras  C: Azul;22001057
Tapa trasera iPhone 14 PLUS - Con lentes de camaras  C: Blanco;22001061
Tapa trasera iPhone 14 PLUS - Con lentes de camaras  C: Negro;22001060
Tapa trasera iPhone 14 PLUS - Con lentes de camaras  C: Purpura;22001058
Tapa trasera iPhone 14 PLUS - Con lentes de camaras  C: Rojo;22001062
Tapa trasera iPhone 14 PRO - Big Hole ;
Tapa trasera iPhone 14 PRO - Big Hole  C: Dorado;25100470
Tapa trasera iPhone 14 PRO - Big Hole  C: Purpura;25100484
Tapa trasera iPhone 14 PRO - Big Hole  C: Silver;25100428
Tapa trasera iPhone 14 PRO - Big Hole  C: Space Gray;25100473
Tapa trasera iPhone 14 PRO MAX - Big Hole ;
Tapa trasera iPhone 14 PRO MAX - Big Hole  C: Dorado;25100483
Tapa trasera iPhone 14 PRO MAX - Big Hole  C: Purpura;25100482
Tapa trasera iPhone 14 PRO MAX - Big Hole  C: Silver;25100429
Tapa trasera iPhone 14 PRO MAX - Big Hole  C: Space Gray;2021000948
Tapa trasera iPhone 15 - Big Hole ;
Tapa trasera iPhone 15 - Big Hole  C: Azul;25130407
Tapa trasera iPhone 15 - Big Hole  C: Rosa;25130408
Tapa trasera iPhone 15 - Big Hole  C: Verde;25130409
Tapa trasera iPhone 15 - Big Hole  C: Amarillo;25150590
Tapa trasera iPhone 15 - Big Hole  C: Negro;25130406
Tapa trasera iPhone 15 - Con lentes de camaras ;
Tapa trasera iPhone 15 - Con lentes de camaras  C: Amarillo;22001065
Tapa trasera iPhone 15 - Con lentes de camaras  C: Azul;22001063
Tapa trasera iPhone 15 - Con lentes de camaras  C: Negro;22001067
Tapa trasera iPhone 15 - Con lentes de camaras  C: Rosa;22001064
Tapa trasera iPhone 15 - Con lentes de camaras  C: Verde;22001066
Tapa trasera iPhone 15 Plus - Big Hole ;
Tapa trasera iPhone 15 Plus - Big Hole  C: Amarillo;25090417
Tapa trasera iPhone 15 Plus - Big Hole  C: Azul;25100434
Tapa trasera iPhone 15 Plus - Big Hole  C: Negro;25090416
Tapa trasera iPhone 15 Plus - Big Hole  C: Rosa;25090421
Tapa trasera iPhone 15 Plus - Big Hole  C: Verde;0327779203
Tapa trasera iPhone 15 Plus - Con lentes de camaras ;
Tapa trasera iPhone 15 Plus - Con lentes de camaras  C: Amarillo;22001070
Tapa trasera iPhone 15 Plus - Con lentes de camaras  C: Azul;22001068
Tapa trasera iPhone 15 Plus - Con lentes de camaras  C: Negro;22001072
Tapa trasera iPhone 15 Plus - Con lentes de camaras  C: Rosa;22001069
Tapa trasera iPhone 15 Plus - Con lentes de camaras  C: Verde;22001071
Tapa trasera iPhone 15 Pro - Big Hole  C: Natural;032777999
Tapa trasera iPhone 15 Pro - Big Hole ;
Tapa trasera iPhone 15 Pro - Big Hole  C: Azul;25100452
Tapa trasera iPhone 15 Pro - Big Hole  C: Blanco;25100443
Tapa trasera iPhone 15 Pro - Big Hole  C: Negro;2021000949
Tapa trasera iPhone 15 Pro - Con lentes de camaras ;
Tapa trasera iPhone 15 Pro - Con lentes de camaras  C: Azul;22001074
Tapa trasera iPhone 15 Pro - Con lentes de camaras  C: Blanco;22001075
Tapa trasera iPhone 15 Pro - Con lentes de camaras  C: Natural;22001073
Tapa trasera iPhone 15 Pro - Con lentes de camaras  C: Negro;22001076
Tapa trasera iPhone 15 Pro Max - Big Hole ;
Tapa trasera iPhone 15 Pro Max - Big Hole  C: Azul;25100464
Tapa trasera iPhone 15 Pro Max - Big Hole  C: Blanco;25100427
Tapa trasera iPhone 15 Pro Max - Big Hole  C: Negro;25100436
Tapa trasera iPhone 15 Pro Max - Big Hole  C: Natural;25100476
Tapa trasera iPhone 15 Pro Max - Con lentes de camaras ;
Tapa trasera iPhone 15 Pro Max - Con lentes de camaras  C: Azul;22001078
Tapa trasera iPhone 15 Pro Max - Con lentes de camaras  C: Blanco;22001079
Tapa trasera iPhone 15 Pro Max - Con lentes de camaras  C: Natural;22001077
Tapa trasera iPhone 15 Pro Max - Con lentes de camaras  C: Negro;22001080
Tapa trasera iPhone 16 - Big Hole ;
Tapa trasera iPhone 16 - Big Hole  C: Azul;25090123
Tapa trasera iPhone 16 - Big Hole  C: Blanco;25090119
Tapa trasera iPhone 16 - Big Hole  C: Negro;25090124
Tapa trasera iPhone 16 - Big Hole  C: Rosa;25090125
Tapa trasera iPhone 16 - Big Hole  C: Verde;25090126
Tapa trasera iPhone 16 - Con lentes de camaras ;
Tapa trasera iPhone 16 - Con lentes de camaras  C: Azul;25090118
Tapa trasera iPhone 16 - Con lentes de camaras  C: Blanco;25090117
Tapa trasera iPhone 16 - Con lentes de camaras  C: Negro;25090122
Tapa trasera iPhone 16 - Con lentes de camaras  C: Rosa;25090120
Tapa trasera iPhone 16 - Con lentes de camaras  C: Verde;25090121
Tapa trasera iPhone 16 Plus - Big Hole ;
Tapa trasera iPhone 16 Plus - Big Hole  C: Azul;25090133
Tapa trasera iPhone 16 Plus - Big Hole  C: Blanco;25090132
Tapa trasera iPhone 16 Plus - Big Hole  C: Negro;25090134
Tapa trasera iPhone 16 Plus - Big Hole  C: Rosa;25090135
Tapa trasera iPhone 16 Plus - Big Hole  C: Verde;25090136
Tapa trasera iPhone 16 Plus - Con lentes de camaras  C: Azul;25090128
Tapa trasera iPhone 16 Plus - Con lentes de camaras  C: Blanco;25090127
Tapa trasera iPhone 16 Plus - Con lentes de camaras  C: Negro;25090129
Tapa trasera iPhone 16 Plus - Con lentes de camaras  C: Rosa;25090130
Tapa trasera iPhone 16 Plus - Con lentes de camaras  C: Verde;25090131
Tapa trasera iPhone 16 Plus - Con lentes de camaras ;
Tapa trasera iPhone 16 Pro - Big Hole  C: Negro;25090102
Tapa trasera iPhone 16 Pro - Big Hole ;
Tapa trasera iPhone 16 Pro - Big Hole  C: Blanco;25090101
Tapa trasera iPhone 16 Pro - Big Hole  C: Dorado;25090104
Tapa trasera iPhone 16 Pro - Big Hole  C: Natural;25090103
Tapa trasera iPhone 16 Pro - Con lentes de camaras ;
Tapa trasera iPhone 16 Pro - Con lentes de camaras  C: Blanco;25090106
Tapa trasera iPhone 16 Pro - Con lentes de camaras  C: Dorado;25090105
Tapa trasera iPhone 16 Pro - Con lentes de camaras  C: Natural;25090107
Tapa trasera iPhone 16 Pro - Con lentes de camaras  C: Negro;25090108
Tapa trasera iPhone 16 Pro Max - Big Hole ;
Tapa trasera iPhone 16 Pro Max - Big Hole  C: Blanco;25090110
Tapa trasera iPhone 16 Pro Max - Big Hole  C: Dorado;25090109
Tapa trasera iPhone 16 Pro Max - Big Hole  C: Natural;25090112
Tapa trasera iPhone 16 Pro Max - Big Hole  C: Negro;25090111
Tapa trasera iPhone 16 Pro Max - Con lentes de camaras  C: Natural;25090115
Tapa trasera iPhone 16 Pro Max - Con lentes de camaras  C: Negro;25090116
Tapa trasera iPhone 16 Pro Max - Con lentes de camaras ;
Tapa trasera iPhone 16 Pro Max - Con lentes de camaras  C: Blanco;25090114
Tapa trasera iPhone 16 Pro Max - Con lentes de camaras  C: Dorado;25090113
Tapa trasera iPhone 8 - Big Hole ;
Tapa trasera iPhone 8 - Big Hole  C: Blanco;25100418
Tapa trasera iPhone 8 - Big Hole  C: Space Gray;25100439
Tapa trasera iPhone 8 PLUS - Big Hole ;
Tapa trasera iPhone 8 PLUS - Big Hole  C: Blanco;25100477
Tapa trasera iPhone 8 PLUS - Big Hole  C: Negro;25100421
Tapa trasera iPhone SE - Big Hole ;
Tapa trasera iPhone SE - Big Hole  C: Blanco;25100420
Tapa trasera iPhone SE - Big Hole  C: Negro;25090404
Tapa trasera iPhone SE - Big Hole  C: Rojo;25100415
Tapa trasera iPhone X - Big Hole  C: Space Gray;25090137
Tapa trasera iPhone X - Big Hole ;
Tapa trasera iPhone X - Big Hole  C: Blanco;25090408
Tapa trasera iPhone XR - Big Hole ;
Tapa trasera iPhone XR - Big Hole  C: Blanco;25100469
Tapa trasera iPhone XR - Big Hole  C: Negro;25100435
Tapa trasera iPhone XR - Big Hole  C: Rojo;25090414
Tapa trasera iPhone XR - Big Hole  C: Amarillo;25100474
Tapa trasera iPhone XR - Big Hole  C: Naranja;25100459
Tapa trasera iPhone XR - Big Hole  C: Azul;25240431
Tapa trasera iPhone XS - Big Hole ;
Tapa trasera iPhone XS - Big Hole  C: Blanco;25100431
Tapa trasera iPhone XS - Big Hole  C: Space Gray;25100432
Tapa trasera iPhone XS MAX - Big Hole ;
Tapa trasera iPhone XS MAX - Big Hole  C: Blanco;25100479
Tapa trasera iPhone XS MAX - Big Hole  C: Space Gray;25100448
Vidrio Cámara iPhone X ;
Vidrio Cámara iPhone XR ;107082002360
BOQUILLA CURVA Atten 862d ;
BOQUILLA CURVA Atten 862d  C: C-2664 6.4mm;25052301
BOQUILLA CURVA Atten 862d  C: C-2687 8.7mm;032777
ESTACION DE SOLDADO - AIRE - ATTEN ST862D ;6972142390599
Repuesto - Atten - AIR - heating element ACF031832 ;25060404
Repuesto - Atten - Ventilador ;2025042301
Power Z tipo C - KM003C ;20251011
Power Z Usb - KT002 ;20250609
POWER-Z Modelo KM001 Medidor De Voltaje Tester Usb Digital Amperimetro ;20250608
LOCALIZADOR DE FALLAS DELTA 440cc CONGELANTE ;7798030610490
REMOVEDOR DE FLUX DELTA 180g ;7798030610858
Programadora DL F210 True Tone Function - iPhone 7-15PM ;12001318
Evento Distribuidores Wuzip 11 de Octubre ;25081402
Power tester FNB58 - Bts version ;25220409
Base imantada Reballing Platform UP01 ;6825680187889
HOLDER PARA DESARME DE LCD - GSM6 ;2025042302
Multicargador 8 Puertos Usb Gsm-x9m wireless ;20260128
PACK X50 SET CEPILLOS DOBLES - BS-01 ;2025042101
PASTA Nano de plata conductora ;12001826
Probador de placa 4 en 1 para 12/Pro/Pro MAX/mini ;6977215800548
Sopapa Powerful sucker te793 ;20250910
ESTACION DE SOLDADO - CAUTIN GVM H3 ;6941590210544
ESTACION DE SOLDADO - CAUTIN GVM T210 ;69020170309010
ESTACION DE SOLDADO - CAUTIN GVM T245 - 130w ;2022010705971
PUNTAS C210 SUNSHINE ;
PUNTAS C210 SUNSHINE  C: C210-I (recta);6941590207568
PUNTAS C210 SUNSHINE  C: C210-IS (curva);6941590207575
PUNTAS C210 SUNSHINE  C: C210-K (cuchilla);6941590207582
Repuesto maneral GVM T12 ;MANERALGVMT12
Adaptador Tipo C a USB-A - Hoco UA36B ;6942007647199
Adaptador USB-A a Tipo C - Hoco UA36C ;6942007647212
Cable Hoco Tipo C a Lightning x88 ;6931474783295
Cable Hoco Tipo C a Tipo C - X109 60w ;6942007636278
Cable Hoco Tipo C a Tipo C - X88 60w ;6931474783370
Cable Hoco USB-A a Lightning - X13 ;6957531061151
Cable Hoco USB-A a Tipo C - X101 Assistant silicone ;6942007604079
Cable Hoco USB-A a Tipo C - X88 Gratified ;6931474783356
Soporte Para Auto - Consola central - Hoco H19 ;6942007601580
Soporte Para Auto - Parabrisas - Hoco H20 ;6942007601597
Soporte Para Auto - Ventilacion - Hoco H18 ;6942007601573
Bulto Cargador IGLU FIVE 2.1 - Con cable LIGHTNING x100 ;BULTO-FIVE-LIGHT
Bulto Cargador IGLU FIVE 2.1 - Con cable TIPO C x100 ;BULTO-FIVE-TIPOC
Cable Tipo C 1m - Iglufive ;
Cable Tipo C 1m - Iglufive  C: Blanco;25070805
Cable Tipo C 1m - Iglufive  C: Negro;25070804
Cable Tipo C SILICONADO 2 METROS - IGLUFIVE 2.1A ;
Cable Tipo C SILICONADO 2 METROS - IGLUFIVE 2.1A  C: Blanco;25100455
Cable Tipo C SILICONADO 2 METROS - IGLUFIVE 2.1A  C: Negro;25070806
Cargador de Pared (celeste) IGLU FIVE 2.1 - Con cable MICRO USB ;7799153000014
Cargador de Pared (gris) IGLU FIVE 2.1 - Con cable TIPO C ;7799153000021
Cargador de Pared (verde) IGLU FIVE 2.1 - Con cable LIGHTNING ;7799153000038
ACCESO WEB ESQUEMATICOS POR 1 AÑO ;25081406
ESPATULA PARA REBALLING Y APERTURA - JM-Z12 ;6949639103628
PUNTAS JBC C210 ;
PUNTAS JBC C210  C: C210-002 (curva);25051901
PUNTAS JBC C210  C: C210-018 (cuchilla);25060401
PUNTAS JBC C210  C: C210-020 (recta);8427327366251
PUNTAS JBC C245 ;
PUNTAS JBC C245  C: C245-029 (curva);8427327252301
PUNTAS JBC C245  C: C245-030 (recta);8427327252134
PUNTAS JBC C245  C: C245-939 (cuchilla);8427327254831
PUNTAS JBC NANO C115 ;
PUNTAS JBC NANO C115  C: C115-101 (recta);8427327454675
PUNTAS JBC NANO C115  C: C115-112 (cuchilla);8427327454682
PUNTAS JBC NANO C115  C: C115-118 (curva);8427327459496
FLEX CAMARA JC Non-removal (tag-on) ;
FLEX CAMARA JC Non-removal (tag-on)  C: 12;12001322
FLEX CAMARA JC Non-removal (tag-on)  C: 12 mini;12001325
FLEX CAMARA JC Non-removal (tag-on)  C: 12 pro max;12001326
FLEX CAMARA JC Non-removal (tag-on)  C: 13 / 13 mini;12001320
FLEX CAMARA JC Non-removal (tag-on)  C: 13 pro / 13 pro max;12001324
FLEX CAMARA JC Non-removal (tag-on)  C: 14 / 14 plus;12001321
FLEX CAMARA JC Non-removal (tag-on)  C: 14 Pro;12001327
FLEX CAMARA JC Non-removal (tag-on)  C: 14 Pro Max;12001323
FLEX Face ID JC Non-removal (tag-on) Serie 13 al 16 ;
FLEX Face ID JC Non-removal (tag-on) Serie 13 al 16  C: 13 / 13 mini;
FLEX Face ID JC Non-removal (tag-on) Serie 13 al 16  C: 13 Pro;
FLEX Face ID JC Non-removal (tag-on) Serie 13 al 16  C: 13 pro / 13 pro max;
FLEX Face ID JC Non-removal (tag-on) Serie 13 al 16  C: 14;
FLEX Face ID JC Non-removal (tag-on) Serie 13 al 16  C: 14 plus;
FLEX Face ID JC Non-removal (tag-on) Serie 13 al 16  C: 14 Pro;
FLEX Face ID JC Non-removal (tag-on) Serie 13 al 16  C: 14 Pro Max;
FLEX Face ID JC Non-removal (tag-on) Serie 13 al 16  C: 15 / 15 plus;6977951902698
FLEX Face ID JC Non-removal (tag-on) Serie 13 al 16  C: 15 Pro;6977951902704
FLEX Face ID JC Non-removal (tag-on) Serie 13 al 16  C: 15 Pro Max;6977951902711
FLEX Face ID JC Non-removal (tag-on) Serie 13 al 16  C: 16 / 16 plus;
FLEX Face ID JC Non-removal (tag-on) Serie 13 al 16  C: 16 Pro;
FLEX Face ID JC Non-removal (tag-on) Serie 13 al 16  C: 16 Pro Maxi;
FLEX Face ID JC Non-removal (tag-on) Serie X al 12 ;
FLEX Face ID JC Non-removal (tag-on) Serie X al 12  C: 11;6977951900540
FLEX Face ID JC Non-removal (tag-on) Serie X al 12  C: 11 pro / 11 pro max;6977951900557
FLEX Face ID JC Non-removal (tag-on) Serie X al 12  C: 12 / 12 pro;6977951900564
FLEX Face ID JC Non-removal (tag-on) Serie X al 12  C: 12 mini;25140403
FLEX Face ID JC Non-removal (tag-on) Serie X al 12  C: 12 pro max;106122018
FLEX Face ID JC Non-removal (tag-on) Serie X al 12  C: X;25140406
FLEX Face ID JC Non-removal (tag-on) Serie X al 12  C: Xs / Xr / Xs max;6977951900533
JC Bateria Flex - tag-on ;
JC Bateria Flex - tag-on  C: 11;6977951901929
JC Bateria Flex - tag-on  C: 11 pro / 11 pro max;25140401
JC Bateria Flex - tag-on  C: 12 pro max;6977951901950
JC Bateria Flex - tag-on  C: 12 / 12 mini / 12 pro;6977951901943
JC Bateria Flex - tag-on  C: 13 pro / 13 pro max;6977951901974
JC Bateria Flex - tag-on  C: 13 / 13 mini;6977951901967
JC Bateria Flex - tag-on  C: 14 / 14 plus;12001306
JC Bateria Flex - tag-on  C: 14 pro / 14 pro max;6977951901998
JC flex dot matrix cable  C: 13;12001332
JC flex dot matrix cable  C: 13 pro / 13 pro max;25100417
JC flex dot matrix cable ;
JC flex dot matrix cable  C: 13 mini;25140404
JC flex dot matrix cable  C: 14;12001329
JC flex dot matrix cable  C: 14 plus;12001328
JC flex dot matrix cable  C: 14 Pro;12001330
JC flex dot matrix cable  C: 14 Pro Max;12001331
JC Q1 - Restaura capacidad y quita pop-up de baterias iPhone ;12001319
JC V1S pro BGA14X15 Wifi module ;6977951901394
JC V1SE WIFI - Programadora con 1 board ;25100478
JC Wifi chip 12 series ;25100821
JC Wifi chip 13 series ;25100820
JC Wifi chip 14 series ;6977951901431
V1S PRO Programadora ;25060403
ZOCALO Baterias 8-15PM para JC V1SE / V1SPRO ;25100463
ZOCALO Camaras 13-14 para JC V1SE / V1SPRO ;2025050101
ZOCALO Camaras 15 para JC V1SE / V1SPRO ;2025050102
ZOCALO Camaras Xr-12pm para JC V1SE / V1SPRO ;25240401
ZOCALO Face ID Activation X-14PM para JC V1S / V1SE / V1SPRO ;25100430
ZOCALO Pantallas 12-15 Truetone Repair Adaptor JC V1SE / V1SPRO ;6977951900700
ZOCALO Pantallas 13-15 pro Truetone Repair Adaptor JC V1SE / V1SPRO ;25100472
ZOCALO Pantallas 16 Truetone Repair Adaptor JC V1SE / V1SPRO ;6977951901288
ZOCALO Pantallas 7-11pm Truetone Repair Adaptor JC V1SE / V1SPRO ;2025061801
ZOCALO Receiver 8-13PM para JC V1SE / V1SPRO ;25100458
FUENTE KORAD - KA3005DS - 30v 5a ;3891755919
FUENTE KORAD - U202 - 30v 5a ;56723202
FUENTE KORAD - U203 - 30v 10a ;56723203
Bulto Cargador AT861 - Blancos X120 ;LoteBlanco
Bulto Cargador AT861 - Negros X120 ;LoteNegro
Bulto Cargador AT861 + Cable Micro Usb (mix color) X120 ;BUL861Micro
Cargador de Pared M-TK AT861 ;
Cargador de Pared M-TK AT861  C: Blanco;8435350738617
Cargador de Pared M-TK AT861  C: Negro;8435350738624
Cargador de Pared M-TK AT861 + Cable Micro Usb ;
Cargador de Pared M-TK AT861 + Cable Micro Usb  C: Blanco;861TIPOCB
Cargador de Pared M-TK AT861 + Cable Micro Usb  C: Negro;861TIPOCN
ESTAÑO EN PASTA 183 GRADOS MaAnt - POTE 50g ;6976213450052
EMBOLO PARA JERINGA DE ALUMINIO P09 para jeringa de 10cc ;6971402784130
Auricular Manos Libres OnePlus C5715 ;
Auricular Manos Libres OnePlus C5715  C: Gray;8944870157186
Auricular Manos Libres OnePlus C5715  C: Silver;8944870157155
Cable MicroUSB OnePlus B6108 ;
Cable MicroUSB OnePlus B6108  C: Negro;8944870161091
Mouse Optico OnePlus G5059 ;8944870150590
ESTAÑO EN PASTA PPD 138 GRADOS (BAJA FUSION) POTE 50g ;25100424
CAMARA TERMICA - QIANLI SUPER CAM X 3D ;6971064234608
Qianli Macaron v3 ;6971064237173
BOQUILLA CURVA QUICK 861 ;
BOQUILLA CURVA QUICK 861  C: 7mm;6974252820188
BOQUILLA CURVA QUICK 861  C: 9mm;6974252820195
ESTACION DE SOLDADO - AIRE - QUICK 861 PRO ;6974252828979
ESTACION DE SOLDADO - AIRE - QUICK 861DW ;6941590203898
ESTACION DE SOLDADO - AIRE - QUICK M9 ;6942443100135
ESTACION DE SOLDADO 2 en 1 - 8586d ;6974252825640
PUNTAS QUICK ts1200a ;
PUNTAS QUICK ts1200a  C: 3C (plana gruesa);6974252820851
PUNTAS QUICK ts1200a  C: K (cuchilla);6974252820850
PUNTAS QUICK ts1200a  C: SK (cuchilla fina);6974252820874
PUNTAS QUICK ts1200a  C: J01 (Curva);6974252820799
Repuesto - Abrazadera para trino ;ABRAZATRINO
Repuesto - Manija para trino ;MANITRINO
Repuesto - Quick 706w / 859d - AIR - heating element - A1147 ;25060507
Repuesto - Quick 715 - AIR - heating element - A1148 ;6974252820386
Repuesto - Quick 715 - MAIN PRINCIPAL CON LCD ;MAIN715
Repuesto - Quick 715 - MANGO COMPLETO AIRE - 858 handle ;210N101275
Repuesto - Quick 861dw - 2008 - K8 etc - LCD ;12153694
Repuesto - Quick 861dw - AIR - heating element - H616A ;25060407
Repuesto - Quick 861dw - BOMBA DE AIRE ;6974252820539
Repuesto - Quick K8 - AIR - heating element  TR3-H ;6974252825701
Repuesto - Quick replacement 706w+ - CAUTIN - A1321A ;202H100094
Repuesto - Step up para pantalla lcd m24 ;STEPUP
Repuesto - Sunshine P3005A - MAIN PRINCIPAL ;PLACAP3005A
Repuesto Driver Quick 861 pro ;2024042237597
ESTACION DE SOLDADO Cautin QUICKO - t12-952 ;202412120007
PUNTAS QUICKO T12 ;
PUNTAS QUICKO T12  C: ILS (recta larga);2021010305181
PUNTAS QUICKO T12  C: J02 (curva);2021010305183
PUNTAS QUICKO T12  C: KU (cuchilla fina);2021010305184
Repuesto lcd Quicko t12-952 ;2022122416732
ADAPTADOR PARA CAMARA 1/3 - 0.35x  - para trino Relife ;6941590207513
ALICATE CERAMICO RELIFE RL-102 ;6941590205915
ARO 105 LED RELIFE rl033 ULTRA PARA MICROSCOPIO ;6941590213590
ARO 144 LED RELIFE rl033m PARA MICROSCOPIO (con dimmer) ;6941590212012
BOQUILLA CURVA RELIFE 857 Series ;
BOQUILLA CURVA RELIFE 857 Series  C: 6mm;6941590213705
BOQUILLA CURVA RELIFE 857 Series  C: 8mm;6941590213712
BOQUILLA CURVA RELIFE 858 Series ;
BOQUILLA CURVA RELIFE 858 Series  C: 6mm;6941590213767
BOQUILLA CURVA RELIFE 858 Series  C: 8mm;6941590213774
BOQUILLA CURVA RELIFE 861 Series ;
BOQUILLA CURVA RELIFE 861 Series  C: 6mm;6941590213828
BOQUILLA CURVA RELIFE 861 Series  C: 8mm;6941590213835
BOTELLA DISPENSER PLASTICA (con aguja) RL-054 ;6971806513688
BOTELLA DISPENSER PLASTICA TB-1 ;
BOTELLA DISPENSER PLASTICA TB-1  C: Amarillo;6941590212166
BOTELLA DISPENSER PLASTICA TB-1  C: Azul;6941590212258
BROCA PARA REMOVER TORNILLOS RELIFE TX1 ;6941590215167
CABLE PULPO DE ENCENDIDO CON UN BOTON - IPHONE XA4 pro ;6941590212951
CAJA PLASTICA PLACAS NOTEBOOK TO3 ;6941590213385
CAMARA 4K RELIFE M17 - PARA MICROSCOPIO ;6941590212128
DESTORNILLADOR ELECTRICO Carbon fiber RELIFE E1 ;6941590210711
DESTORNILLADOR RELIFE - RL721  C: 1.2 + (phillips);6971806511837
DESTORNILLADOR RELIFE - RL721 ;
DESTORNILLADOR RELIFE - RL721  C: 0.6 Y (triwing);6971806511820
DESTORNILLADOR RELIFE - RL721  C: 0.8 * (pentalobe);6971806511813
DESTORNILLADOR RELIFE - RL721  C: 1.5 + (phillips);6971806511844
Destornilladores Relife RL-717 ;
Destornilladores Relife RL-717  C: 0.6 Y (triwing);6941590215174
Destornilladores Relife RL-717  C: 0.8 * (pentalobe);6941590215181
Destornilladores Relife RL-717  C: IP17 (iphone 17);6941590215198
Destornilladores RL-724 ;
Destornilladores RL-724  C: 0.6 Y (triwing);6941590209531
Destornilladores RL-724  C: 0.8 * (pentalobe);6941590209524
Destornilladores RL-724  C: 1.5 + (phillips);6941590209517
Destornilladores RL-726 ;
Destornilladores RL-726  C: 0.6 Y (triwing);6941590210766
Destornilladores RL-726  C: 0.8 * (pentalobe);6941590210735
Destornilladores RL-726  C: 1.5 + (phillips);6941590210773
Destornilladores RL-730A Relife ;
Destornilladores RL-730A Relife  C: 0.6 Y (triwing);6941590211596
Destornilladores RL-730A Relife  C: 0.8 * (pentalobe);6941590211572
Destornilladores RL-730A Relife  C: 1.5 + (phillips);6941590211589
ESTAÑO EN PASTA 138 GRADOS (BAJA FUSION) RELIFE POTE 40g - RL404 ;6971806512780
ESTAÑO EN PASTA 183 GRADOS RELIFE POTE 40g - RL402 ;6971806510571
Gavetero plastico organizador Relife rl001d ;6941590204642
Gomas para oculares - Relife M26 ;6941590207971
HOLDER para pantalla Rl-092 ;6941590211343
HOLDER universal giratorio Rl-601S mini ;6941590207803
HOLDER universal giratorio Rl-601S PRO ;6941590209487
Kit Destornilladores RL-724 set 5 in 1 ;6941590209845
LAMPARA UV usb - RL-014 ;6941590204789
LAMPARA UV usb - RL014D ;6941590209654
LENTE BARLOW - 48mm ;
LENTE BARLOW - 48mm  C: 0.5x;6971806513589
LENTE BARLOW - 48mm  C: 0.7x;6971806513596
LENTE PROTECTOR POLVO y HUMO M25 - 48mm ;6971806517860
LIMPIADOR CAUTIN ss-599c 3 EN 1 ;6941590210551
MALLA DESOLDANTE RELIFE - RL2020 ;6971806512872
MALLA DESOLDANTE RELIFE - RL2515 ;6971806510854
MALLA DESOLDANTE RELIFE - RL3015 ;6971806510861
MANGO para bisturies RL-101J ;6941590210605
MANGO REMOVEDOR PEGAMENTO RELIFE RL101B ;6971806512612
Mini polishing Pen RELIFE RL-068 ;6941590204321
Multicargador 6 Puertos RELIFE rl-309u ;
Multicargador 6 Puertos RELIFE rl-309u  C: Azul;6941590211213
Multicargador 6 Puertos RELIFE rl-309u  C: Silver;6941590211206
Multicargador 6 Puertos Usb 3.0 RELIFE rl-304n Power supply ;6941590207681
Multicargador 6 Puertos Usb 3.0 RELIFE rl-304p ;6941590204864
Organizador de 24 equipos RL-001B PRO ;6941590212197
Organizador multifuncion Relife RL001G ;6941590208350
Organizador multifuncion Relife RL001K ;
Organizador multifuncion Relife RL001K  C: Azul;
Organizador multifuncion Relife RL001K  C: Negro;
Organizador multifuncion Relife RL001S ;
Organizador multifuncion Relife RL001S  C: Azul;6941590211688
Organizador multifuncion Relife RL001S  C: Negro;6941590212036
Organizador Relife RL001H ;
Organizador Relife RL001H  C: Azul;6941590210568
Organizador Relife RL001H  C: Negro;6941590210575
Organizador rotativo RL-078A para destornilladores RELIFE ;6941590209753
OUTLET - TRINO NEGRO RELIFE MICROSCOPIO RL M5T-STL2 50x con aro 144 led ;OUTLETSTL2
Pack x50 GF1 Film Hidrogel HD ;6941590210469
Pack x50 GF2 Film Hidrogel Matte Flexible ;6941590210803
Pack x50 GF3 Film Hidrogel Anti-espia Matte ;6941590211299
Pack x50 GF4 Film Hidrogel Anti-pressure instant repair hd ;6941590212524
PALITO METALICO DE APERTURA PUA RELIFE - RL050 ;6971806512629
PALITO RELIFE RL-094 limpiador de lentes de cámara (48pcs) ;6941590211992
Paños limpieza rl-045a ;6941590210537
Paños limpieza wipes rl-045 ;6971806510885
PEGAMENTO para marcos RL035B - 30ml ;
PEGAMENTO para marcos RL035B - 30ml  C: Negro;6941590206356
PEGAMENTO para marcos RL035B - 30ml  C: Transparente;6941590206349
PEGAMENTO RELIFE CP-0002 glue 50ml - Negro ;6971806512513
PEN PARA TAPAS DE VIDRIO - RL066A ;6941590205960
PEN PARA TAPAS DE VIDRIO - RL066C ;6941590214344
Pistola dosificadora de jeringas RELIFE RL-062A / 10CC ;6941590207445
Pistola dosificadora de jeringas RELIFE RL-062B / 30CC ;6941590207476
PUNTAS C115 RELIFE ;
PUNTAS C115 RELIFE  C: C115-I (recta);6941590205359
PUNTAS C115 RELIFE  C: C115-IS (curva);6941590205366
PUNTAS C115 RELIFE  C: C115-K (cuchilla);6941590205373
PUNTAS C210 RELIFE ;
PUNTAS C210 RELIFE  C: C210-I (recta);6941590200026
PUNTAS C210 RELIFE  C: C210-IS (curva);6941590200033
PUNTAS C210 RELIFE  C: C210-K (cuchilla);6941590200040
PUNTAS C245 RELIFE  C: T245-I;6941590205427
PUNTAS C245 RELIFE ;
PUNTAS C245 RELIFE  C: T245-IS;6941590205434
PUNTAS C245 RELIFE  C: T245-K;6941590205441
PUNTAS C245 RELIFE  C: T245-SK;6941590205571
PUNTAS RELIFE RL-900M ;
PUNTAS RELIFE RL-900M  C: I (recta);6971806512889
PUNTAS RELIFE RL-900M  C: IS (curva);6971806512896
PUNTAS RELIFE RL-900M  C: K (cuchilla);6971806512797
PUNTAS RELIFE RL-900M  C: SK (cuchilla fina);6971806512506
PUNTAS RELIFE T12 ;
PUNTAS RELIFE T12  C: K (cuchilla);6941590207650
PUNTAS RELIFE T12  C: I (recta);6941590207636
PUNTAS RELIFE T12  C: SK (cuchilla fina);6941590207667
PUNTAS RELIFE T12  C: J (curva);6941590207643
RELIFE STENCIL IPHONE  C: iPhone 13 (A15);6941590204901
RELIFE STENCIL IPHONE  C: iPhone 15 (A16 - A17);2023092737354
RELIFE STENCIL IPHONE ;
RELIFE STENCIL IPHONE  C: iPhone 11 (A13);6941590207001
RELIFE STENCIL IPHONE  C: iPhone 14 (A15 - A16);2022092306506
RELIFE STENCIL IPHONE  C: iPhone 12 (A14);6941590207018
RELIFE STENCIL IPHONE  C: iPhone 16 (A18);2024092137866
RELIFE STENCIL IPHONE  C: iPhone 17 (A19);2025092738672
RELIFE STENCIL PARA IC PANTALLA IPHONE 6s - 16 pro max ;2024121638190
RELIFE STENCIL UNIVERSAL MULTIPROPOSITO ;6971806511097
Relife TB-09 SE Tester puerto de carga ;6941590214528
Relife TK1 Spudger Ceramico ;6941590214429
Relife XA5 tester induccion ;6941590214610
Repuestos para mini polishing rl-068a - 8 piezas ;6941590204550
Scraper set plastic RL-087 ;6941590208800
SET 4 PRENSAS ALUMINIO - SUJETADORES DE PANTALLAS - RL008A ;6941590206424
SOPLADOR RL043A RELIFE ;
SOPLADOR RL043A RELIFE  C: Azul;6971806512469
SOPLADOR RL043A RELIFE  C: Verde;6941590200316
SOPORTE RELIFE RL601i ;6941590207452
SOPORTE RELIFE RL601L mini ;6941590208770
Soporte universal para microscopio plegable con brazo MS1 ;6941590212982
TAPETE ANTIDESLIZANTE RELIFE RL004D 34x23cm ;6941590204123
TAPETE TERMICO extra grande - RL004DQ - 82x37cm ;6941590213118
TAPETE TERMICO PARA MICRO B11 - RL004m ;6941590211848
TAPETE TERMICO PARA MICRO B3 - RL004i ;6941590206523
TAPETE TERMICO RELIFE RL160A ;
TAPETE TERMICO RELIFE RL160A  C: Azul;6941590206516
TAPETE TERMICO RELIFE RL160A  C: Gris;25100454
Tarjeta magnetica Magsafe check Relife T04 - 6,5cm ;6941590214627
TRINO GRIS RELIFE m5t-PRO B11 50x con aro 144 led ;6941590209463
TRINO NEGRO RELIFE M6T PRO-B11 65x con aro 144 led ;6941590211039
TRINO NEGRO RELIFE MICROSCOPIO RL M5T-STL2 50x con aro 144 led ;6941590206400
TWEEZER PINZA RELIFE (curva) - RT14SA ;6971806511363
TWEEZER PINZA RELIFE (curva) - SK15 ;6941590207537
TWEEZER PINZA RELIFE (plana) - ST20 ;6941590209739
TWEEZER PINZA RELIFE (plana) - ST20L ;6941590211350
TWEEZER PINZA RELIFE (recta) - RT14A ;6971806511356
TWEEZER PINZA RELIFE (recta) - SK11 ;6941590207544
TWEEZER PINZA SUNSHINE (plana) - ST13 ;6941590209548
Auricular con cable conector Lightning - Remax rm533i ;6954851241676
Auricular con cable conector Tipo C - Remax rm533 ;6972174157405
Cable MicroUSB WK WDC-072M ;
Cable MicroUSB WK WDC-072M  C: Blanco;6941027604298
Cable Remax Tipo C a Lightning - Remax RC-C026 - White ;6954851201465
Cable Remax USB-A a Lightning - Suji Pro - RC-138i ;
Cable Remax USB-A a Lightning - Suji Pro - RC-138i  C: Blanco;6972174158334
Cable Remax USB-A a Tipo C - Suji pro - RC-138A ;
Cable Remax USB-A a Tipo C - Suji pro - RC-138A  C: Blanco;6972174158297
Cable Remax USB-A a Tipo C - Suji pro - RC-138A  C: Negro;6972174158280
Motor FC90 EXT-PE-1P&3P ;FC-90
Osciloscopio  RIGOL DHO804 70MHz ;6973332407530
Bateria AmpSentrix Apple Watch Serie 4 40MM ;107082007088
Camara principal iPhone 14 Plus (Back camera) ;25250252
Camara principal iPhone 7 (Back camera) ;25250232
Camara principal iPhone 7 Plus (Back camera) ;25250233
Vidrio Cámara iPhone 12 / 12 Mini ;107082082866
Vidrio Cámara iPhone 12 Pro / 12 Pro Max ;107082082868
Vidrio Cámara iPhone 13 / 13 Mini ;107082080957
Vidrio Cámara iPhone 13 Pro / Pro Max ;107082081854
Vidrio Cámara iPhone 14 / 14 Plus / 15 / 15 Plus ;107082129034
Vidrio Cámara iPhone 14 Pro / Pro Max AMPlus ;107082128754
Vidrio Cámara iPhone 6 / 6s Premium ;25100461
Vidrio Cámara iPhone 7 Plus / 8 Plus ;107082000257
Vidrio Cámara iPhone XS / XS Max ;39476548477
Vidrio de Cámara iPhone 11 pro / Pro Max ;25060502
Pack x10 Adaptador Tipo C a USB-A 6A ;2025051305
Aguja metalica para jeringa de flux o estaño ;120013010
ANILLO ARO 144 LED PARA MICROSCOPIO (con dimmer) ;25060505
Bateria 9V para multimetro ;25100437
Botella Perfumero de vidrio Spray 5ml ;
Botella Perfumero de vidrio Spray 5ml  C: Negro;
Botella Perfumero de vidrio Spray 5ml  C: Transparente;
Cable De Interlock Tipo 8 De 150cm ;
Cargador de Auto 15w PD + Usb A ;6958734112138
DOCK FLEX TEST ;
DOCK FLEX TEST  C: iPhone;2021010304770
DOCK FLEX TEST  C: Micro Usb;2021010304771
DOCK FLEX TEST  C: Tipo C;2021010304921
Jeringa plastica 5ml para dosificar ;7792366458962
Kit Destornilladores set 115 in 1 ;2025042802
Mochila Wifix Wuzip ;7798331470137
Pack x10 Adaptador USB-A a Tipo C 6A ;2025051306
Pack x10 ALICATE SIMIL PLATO 170 ;2025091101
Pack x10 CUCHILLAS BISTURI #11 ;2021010302899
Pack x100 Sopapa Powerful sucker ;2025042803
Pack x12 Cinta Teflonada aislante 15 mm ;2021010304255
Pack x20 CINTA KAPTON 15mm ;2021010304200
Pack x200 Cable Tipo C a Tipo C - 60w ;2025051303
Pack x200 Cable USB-A a Lightning ;2025051301
Pack x200 Cable USB-A a Tipo C ;
Pack x200 CUCHILLAS BISTURI #11 ;2021010302898
Pack x50 HILO JUMPER WIRE - Hilo de cobre ;2021010303793
PILA 2016 para dock test servicell ;4898338011814
RMA DEVOLUCION - Edgar Ismael Gonzales ;25072401
Set de Flex para programadora LAVIE ;GRT-ITEM-LAVIE
Trafo 12v 1a - (modificado) Negativo en centro ;25100481
Trafo 12v 1a Para cámaras (SIN modificar) Positivo en centro ;25300602
ZXW Activación por 1 año ;25081404
Cable Auxiliar 3.5mm - 3 pines - SIPU ;7792025100058
Cable HDMI 1 metro Sipu ;7792025100010
Cable HDMI 10 metros Sipu ;7792025100041
Cable HDMI 3 metros Sipu ;7792025100027
Cable HDMI 5 metros Sipu ;7792025100034
Batea ultrasonido cleaner JP-008 (0.8L) ;3891755920
Batea ultrasonido cleaner JP-020S (3.2L) ;3891755918
Batea ultrasonido cleaner JP-031S (6.5L) ;2025042303
ACTIVADOR DE BATERIAS SUNSHINE SS916 ultra ;6941590212821
ALICATE SUNSHINE SS109 ;6971806512476
Bomba de vacio y compresor Sunshine s978d ;6941590208312
CABLE PULPO - ANDROID iboot Sunshine ;6941590212715
CABLE PULPO - IPHONE iboot Sunshine ;6941590212449
CABLE PULPO Android - SS905H ;6941590210117
CAJA PLASTICA ALMACENAMIENTO PLACA SS001A PRO ;
CAMARA 4K SUNSHINE M19 - PARA MICROSCOPIO ;6941590209661
CEPILLO DOBLE SUNSHINE - SS022B ;6971806519895
CINTA ALUMINIO 15mm ;2025090301
ESPATULA para colocar films hidrogel - 21cm SS064D ;12001333
ESPATULA para colocar films hidrogel CHICA tamaño celular SS064B ;12001334
EXTRACTOR DE HUMO PARA MICROSCOPIO RELIFE RL-6600 ;6941590212494
EXTRACTOR DE HUMO SUNSHINE SS6604 ;6941590210209
EXTRACTOR DE HUMO SUNSHINE SS6605 ;6941590209784
FUENTE Sunshine P2 Pro ;6941590211442
HILO JUMPER 0.007 Superfine Silver (NO AISLADO) - SS007E ;6971806511592
HILO JUMPER 0.01 (AISLADO) - SS007D ;6902018001854
HILO SEPARADOR LCD 0,03mm - RL059A ;6941590204260
HOLDER BASICO SUNSHINE - SS601A -  SOPORTE DE PLACAS ;6971806510007
HOLDER PARA DESARME DE LCD - SS601G PLUS SUNSHINE ;6941590209043
Maquina Laser Sunshine ss-890b mini ;6941590215150
Maquina Laser Sunshine ss890b plus ;6941590205922
Molde iphone 15 para Precalentadora Sunshine ss-t12b ;2023102437379
Molde iphone 16 para Precalentadora Sunshine ss-t12b ;2024111438123
MULTIMETRO autorango SUNSHINE - DT17N ;6971806512407
NUEVA PLANCHA SEPARADORA LCD 14 PULGADAS - S918R - CON SUCCION ;6941590212579
OCULARES WF10X/20 PARA MICROSCOPIO ;2020121200269
OCULARES WF20X/10 PARA MICROSCOPIO ;2020121200270
OPENNING METAL PUA ULTRAFINA Peanut - SS028A ;6971806515996
Organizador pastillero para componentes SS002 ;6941590201702
Pack x20 CINTA ALUMINIO 15mm ;2021010304305
Pack x20 Film Hidrogel Sunshine hasta 12,9 pulgadas SS-057HP+ ;6941590207223
Pack x20 Film Hidrogel Sunshine para ipad o tablet hasta 11 pulgadas SS-057HP ;6941590207216
Pack x25 Film Hidrogel UV SS075U ;6941590206431
Pack x50 Film Hidrogel Economico SS075 ;6941590205458
Pack x50 Film Hidrogel Koreano Sunshine SS-057 Para plotter ;6971806515958
Pack x50 Film Hidrogel MATTE SS-057E para plotter ;6971806519567
Pack x50 Film Hidrogel PRIVACIDAD MATTE 075S ;6941590208725
PAD de silicona para plancha 14 pulgadas - 918r ;2020121200137
PAD de silicona para plancha 8 pulgadas 918k ;2021010304666
PAD NEGRO soft para glass suave 25x20cm - espesor 8mm ;2020121200140
PAD para glass silicona NARANJA 25x20cm - espesor 8mm ;12001310
Paños de Limpieza 152pcs - Sunshine ;6971806510151
PEGAMENTO B7000 - SUNSHINE 110ml - Transparente ;6971806516382
PLANCHA SEPARADORA LCD - LS1 ;6941590210834
PLANCHA SEPARADORA LCD - LS3 mini ;
PLANCHA SEPARADORA LCD - S918L ;6941590207315
PLANCHA SEPARADORA LCD - S918L PLUS ;6941590208381
PLANCHA SEPARADORA LCD 14 PULGADAS - S918R - CON SUCCION ;6971806512148
PLANCHA SEPARADORA LCD 8.5 PULGADAS - S918K - CON SUCCION ;6941590210612
PLANCHA SEPARADORA LCD CURVOS - S918F PLUS - 360 GRADOS ;6941590212401
PLOTTER film tpu hidrogel Y22 - VLLC ;
PLOTTER film tpu hidrogel Y22 Ultra - VLLC ;6941590209432
PLOTTER film tpu hidrogel Y25 Ultra - VLLC ;6941590212883
Precalentadora Sunshine ss-t12b 11 en 1 ;6941590212173
PUA PLASTICA ULTRAFINA SUNSHINE - SS040 ;6971806510199
PUNTAS FINAS GOLD MULTIMETRO SS024A ;6941590205304
PUNTAS FINAS MULTIMETRO SS024B de acero inoxidable chapados en oro ;6941590210889
PUNTAS FINAS SUNSHINE PARA MULTIMETRO Ss024 ;6971806512414
RASPADOR REMOVEDOR DE PEGAMENTO - RL-023a ;6941590207278
Repuesto -  s918f / s918f plus - Termos ;T918F
Repuesto - cable conector precalentadora ss-t12 ;25060506
Repuesto - s918f - Bomba de vacio ;BV918F
Repuesto - s918f - heating element ;HE918F
Repuesto - Sunshine 6603 - LCD display ;lcd6603
Repuesto - Sunshine dt17n - MAIN PRINCIPAL ;MAINDT17N
Repuesto p1 pro max BOARD ;20250808
Repuesto Sopapa para 601g - 918f plus - 601s plus ;2022072706353
Repuesto Sunshine P2 pro Display Board ;2025011838314
Repuesto Sunshine Ss-t12b precalentadora - Heating film ;2025052738495
Repuesto Termostato plancha LS1 ;2025033138393
Set x3 CUCHILLA para Plotter Sunshine ss890c - pro max ;102062019
Set x3 CUCHILLAS para Plotter Sunshine ss890c MINI ;2022010316742
SUNSHINE s978c mini Debubble machine ;6941590207469
TAPETE TERMICO 35x25cm - SS004A ;
TAPETE TERMICO 35x25cm - SS004A  C: Celeste;6971806519727
TAPETE TERMICO 35x25cm - SS004A  C: Gris;6971806519710
TAPETE TERMICO 40x30cm SUNSHINE SS004B Grande  C: Gris;6941590204413
TAPETE TERMICO 40x30cm SUNSHINE SS004B Grande ;
TAPETE TERMICO 40x30cm SUNSHINE SS004B Grande  C: Celeste;6971806510328
TAPETE TERMICO- Grande 50x35 - ss004f ;
TAPETE TERMICO- Grande 50x35 - ss004f  C: Azul;25240404
TAPETE TERMICO- Grande 50x35 - ss004f  C: Gris;6941590205854
TRINO SUNSHINE R360 PRO B11 - 50x con aro 144 led ;
TRINO SUNSHINE R360 PRO B11 - 50x con aro 144 led  C: Azul;6941590213934
TRINO SUNSHINE R360 PRO B11 - 50x con aro 144 led  C: Negro;6941590214412
USB TESTER - SS302A ;6971806510137
BANDEJA IMANTADA APILABLE BANDE-FIX BASE ;12001303
Banner Roll-up Wifix ;BANNER
Campera Gris Wifix ;
Campera Gris Wifix  T: M;CAMPEM
Campera Gris Wifix  T: L;CAMPEL
Campera Gris Wifix  T: XL;CAMPEXL
Campera Gris Wifix  T: XXL;CAMPEXXL
CURSO 2 DISPONIBLE PARA USAR ;25081408
CURSO 3 DISPONIBLE PARA USAR ;25081409
Gorra Wifix ;25100453
Gorro Lana Wifix ;25070803
Jugo de pitufo - Removedor de sulfato - 1 litro ;12001302
Regalitos Wifix Wuzip ;25240480
Remera mangas cortas Wifix - UNISEX ;
Remera mangas cortas Wifix - UNISEX  T: M;REMEM
Remera mangas cortas Wifix - UNISEX  T: L;REMEL
Remera mangas cortas Wifix - UNISEX  T: XL;25061002
Remera mangas cortas Wifix - UNISEX  T: XXL;25061003
Remera mangas cortas Wifix - UNISEX  T: XXXL;REMEXXXL
Remera mangas cortas Wifix - UNISEX  T: S;REMES
Remera mangas cortas Wifix - UNISEX  T: XS;REMEXS
RESINA - ROSIN para detectar cortos ;2021072905558
Sobre Cristal Wuzip Wiifix ;12001308
Taza de ceramica Wifix Wuzip ;25100480
Bateria iPhone 11 - Gold Edition ;24230701
Bateria iPhone 11 Pro - Gold Edition ;24230703
Bateria iPhone 11 Pro Max - Gold Edition ;24230707
Bateria iPhone 12 / 12 Pro - Gold Edition ;24230706
Bateria iPhone 12 / 12 Pro Auto Programable - Black Edition ;25160601
Bateria iPhone 12 Mini - Gold Edition ;24230714
Bateria iPhone 12 Pro Max - Gold Edition ;25050801
Bateria iPhone 13 - Gold Edition ;24230709
Bateria iPhone 13 Auto Programable - Black Edition ;25160602
Bateria iPhone 13 Mini - Gold Edition ;25050802
Bateria iPhone 13 Pro - Gold Edition ;24230705
Bateria iPhone 13 Pro Auto Programable - Black Edition ;25160603
Bateria iPhone 13 Pro Max - Gold Edition ;24230719
Bateria iPhone 13 Pro Max Auto Programable - Black Edition ;25160604
Bateria iPhone 14 - Gold Edition ;24230708
Bateria iPhone 14 Auto Programable - Black Edition ;25160605
Bateria iPhone 14 Plus - Gold Edition ;25050803
Bateria iPhone 14 Pro - Gold Edition ;24230718
Bateria iPhone 14 Pro Auto Programable - Black Edition ;25160606
Bateria iPhone 14 Pro Max - Gold Edition ;25210313
Bateria iPhone 14 Pro Max Auto Programable - Black Edition ;25160607
Bateria iPhone 7 - Silver Edition ;24230713
Bateria iPhone 7 Plus - Silver Edition ;24230710
Bateria iPhone 8 - Gold Edition ;24230716
Bateria iPhone 8 Plus - Gold Edition ;24230717
Bateria iPhone SE (2020) - Gold Edition ;24230715
Bateria iPhone SE (2022) - Gold Edition ;24230723
Bateria iPhone X - Gold Edition ;24230702
Bateria iPhone XR - Gold Edition ;24230704
Bateria iPhone XS - Gold Edition ;24230711
Bateria iPhone XS Max - Gold Edition ;25210312
Bateria Motorola  E13 / E32 / E32S / G13 / G22 / G53  - Silver Edition ;24231204
Bateria Motorola E13 / E32 / E32S / G13 / G22 / G53  - Gold Edition ;24131205
Bateria Motorola E22 / E22i - Gold Edition ;24131214
Bateria Motorola E7 / G8 / G8 Play - Gold Edition ;25040201
Bateria Motorola E7 / G8 / G8 Play - Silver Edition ;24231201
Bateria Motorola E7 Plus / E7 Power / G7 Power / G8 Power Lite / G9 Play - Gold Edition ;24131206
Bateria Motorola E7 Plus / E7 Power / G7 Power / G8 Power Lite / G9 Play - Silver Edition ;25120240
Bateria Motorola G31 / G42 / G62 5G  - Gold Edition ;24131203
Bateria Motorola G31 / G42 / G62 5G  - Silver Edition ;24231202
Bateria Motorola G32 / G41  - Silver Edition ;24231203
Bateria Motorola G60s  - Gold Edition ;24131219
Bateria Motorola G60s  - Silver Edition ;25120210
Bateria Redmi Note 6 / 7 / Note 8 2019 / Note 8 2021 / Note 8T  - Silver Edition ;24131227
Bateria Redmi Note 9 / 9T / Poco M3  - Silver Edition ;24131228
Bateria Redmi Note 9 Pro / Note 10 Pro  - Silver Edition ;24131229
Bateria Samsung A01 - Gold Edition ;24231222
Bateria Samsung A02 / A04S / A12 / A13 / A21S - Gold Edition ;24131210
Bateria Samsung A02 / A04S / A12 / A13 / A21S - Silver Edition ;24231215
Bateria Samsung A02S / A03 / A03S / A04E / A14 4G - Gold Edition ;25120230
Bateria Samsung A02S / A03 / A03S / A04E / A14 4G - Silver Edition ;24231213
Bateria Samsung A04 / A14 5G / A22 5G - Silver Edition ;24231216
Bateria Samsung A10S / A20S / A11 - Gold Edition ;24231225
Bateria Samsung A10S / A20S / A11 - Silver Edition ;24231223
Bateria Samsung A20 / A30 / A50 / A30S / A50S - Gold Edition ;24301202
Bateria Samsung A20 / A30 / A50 / A30S / A50S - Silver Edition ;24301203
Bateria Samsung A22 4G / A31 / A32 - Silver Edition ;24131222
Bateria Samsung A51 4G - Silver Edition ;24301206
Bateria Samsung A7 / A8S / A10 / M10 - Silver Edition ;24231218
Bateria Samsung A70 - Silver Edition ;24301204
Bateria Samsung A71 / S10 Lite - Silver Edition ;24301205
Bateria Samsung S20FE / A52 / A52S - Silver Edition ;24131224
Bateria TCL 10L / 10 Lite / 305 / 5030D / 20Y / 10 SE - Alcatel 1SE - Silver Edition ;24131226
Bateria TCL 20 SE / 30 SE / 408 / 30E - Silver Edition ;24131225
Camara Frontal iPhone 11 (front camera) ;25250209
Camara Frontal iPhone 11 Pro (front camera) ;25250210
Camara Frontal iPhone 11 Pro Max (front camera) ;25250211
Camara Frontal iPhone 12 / 12 Pro (front camera) ;25250212
Camara Frontal iPhone 12 Mini ;25250213
Camara Frontal iPhone 12 Pro Max (front camera) ;25250215
Camara Frontal iPhone 13 (front camera) ;25250216
Camara Frontal iPhone 13 Mini ;25250217
Camara Frontal iPhone 13 Pro (front camera) ;25250218
Camara Frontal iPhone 13 Pro Max (front camera) ;25250219
Camara Frontal iPhone 14 (front camera) ;25250220
Camara Frontal iPhone 14 Plus (front camera) ;25250221
Camara Frontal iPhone 14 Pro (front camera) ;25250222
Camara Frontal iPhone 14 Pro Max (front camera) ;25250223
Camara Frontal iPhone 15 (front camera) ;25250224
Camara Frontal iPhone 15 Plus (front camera) ;25250225
Camara Frontal iPhone 15 Pro (front camera) ;25250226
Camara Frontal iPhone 15 Pro Max (front camera) ;25250227
Camara Frontal iPhone 16 (front camera) ;25250228
Camara Frontal iPhone 16 Plus (front camera) ;25250230
Camara Frontal iPhone 16 Pro (front camera) ;25250229
Camara Frontal iPhone 16 Pro Max (front camera) ;25250231
Camara Frontal iPhone 7 (front camera) ;25250201
Camara Frontal iPhone 8 / SE 2020 / SE 2022 (front camera) ;25250203
Camara Frontal iPhone X (front camera) ;25250205
Camara Frontal iPhone Xr (front camera) ;25250206
Camara Frontal iPhone Xs (front camera) ;25250207
Camara Frontal iPhone Xs Max (front camera) ;107082002259
Camara principal iPhone 11 (Back camera) ;25250240
Camara principal iPhone 11 Pro / 11 Pro Max (Back camera) ;25250241
Camara principal iPhone 12 (Back camera) ;25250243
Camara principal iPhone 12 Mini (Back camera) ;25250244
Camara principal iPhone 12 Pro (Back camera) ;25250245
Camara principal iPhone 12 Pro Max (Back camera) ;25250246
Camara principal iPhone 13 / 13 mini (Back camera) ;25250247
Camara principal iPhone 13 Pro / Pro Max (Back camera) ;25250249
Camara principal iPhone 14 (Back camera) ;25250251
Camara principal iPhone 14 Pro (Back camera) ;25250253
Camara principal iPhone 14 Pro Max (Back camera) ;25250254
Camara principal iPhone 15 (Back camera) ;25250255
Camara principal iPhone 15 Plus (Back camera) ;25250256
Camara principal iPhone 15 Pro (Back camera) ;25250257
Camara principal iPhone 15 Pro Max (Back camera) ;25250258
Camara principal iPhone 16 (Back camera) ;25250259
Camara principal iPhone 16 Plus (Back camera) ;25250261
Camara principal iPhone 16 Pro (Back camera) ;25250260
Camara principal iPhone 16 Pro Max (Back camera) ;25250262
Camara principal iPhone 8 (Back camera) ;25250234
Camara principal iPhone SE 2020 / SE 2022 (Back camera) ;25250242
Camara principal iPhone X (Back camera) ;25250236
Camara principal iPhone XR (Back camera) ;25250237
Camara principal iPhone Xs / Xs Max (Back camera) ;25250238
Cargador de Pared 20W - PD charger - Wuzip ;2025051307
Chomba Wuzip ;
Chomba Wuzip  T: M;CHEME
Chomba Wuzip  T: XL;CHXL
Chomba Wuzip  T: XXL;CHXXL
Estaño alambre Niquel 3Mts 0.8mm Wuzip ;739988128993
Estaño en hilo rollo 80g 35/65 0.6MM Wuzip ;741049192416
ESTAÑO EN PASTA 138 - 40g - WUZIP ;7399881289936
ESTAÑO EN PASTA 183 - 40g - WUZIP ;7410491924090
Flex Puerto de Carga iPhone 11 ;25250267
Flex Puerto de Carga iPhone 11 Pro ;25250268
Flex Puerto de Carga iPhone 11 Pro Max ;25250269
Flex Puerto de Carga iPhone 12 / 12 Pro ;25250270
Flex Puerto de Carga iPhone 12 Mini ;25250271
Flex Puerto de Carga iPhone 12 Pro Max ;25250273
Flex Puerto de Carga iPhone 13 ;25250274
Flex Puerto de Carga iPhone 13 Mini ;25250275
Flex Puerto de Carga iPhone 13 Pro ;25250276
Flex Puerto de Carga iPhone 13 Pro Max ;25250277
Flex Puerto de Carga iPhone 14 ;25250278
Flex Puerto de Carga iPhone 14 Plus ;25250279
Flex Puerto de Carga iPhone 14 Pro ;25250280
Flex Puerto de Carga iPhone 14 Pro Max ;25250281
Flex Puerto de Carga iPhone 15 ;25250282
Flex Puerto de Carga iPhone 15 Plus ;25250283
Flex Puerto de Carga iPhone 15 Pro ;25250284
Flex Puerto de Carga iPhone 15 Pro Max ;25250285
Flex Puerto de Carga iPhone 16 ;25250286
Flex Puerto de Carga iPhone 16 Plus ;25250288
Flex Puerto de Carga iPhone 16 Pro ;25250287
Flex Puerto de Carga iPhone 16 Pro Max ;25250289
Flex Puerto de Carga iPhone X ;25250263
Flex Puerto de Carga iPhone Xr ;25250264
Flex Puerto de Carga iPhone Xs ;25250265
Flex Puerto de Carga iPhone Xs Max ;25250266
Flux jeringa 10cc - Wuzip ;741049192393
Flux jeringa 30cc - Wuzip ;741049192430
Modulo Alcatel 1 Ultra 5033 - Gold Edition ;24061239
Modulo Honor 90 Lite C/Marco - Gold Edition ;25210835
Modulo Honor X5 / X5 Plus / X6A / X6A Plus / X6B / Play 40 - Gold Edition ;6052414
Modulo Honor X6 / X6S / X8 5G / 70 Lite 5G C/Marco - Gold Edition ;25210836
Modulo Honor X7B / Play 8T / Play 50 Plus - Gold Edition ;24290726
Modulo Honor X9 - Gold Edition ;24290728
Modulo Huawei P30 Lite / Nova 4E - Gold Edition ;18062420
Modulo Huawei Y7P / P40 Lite E / Enjoy 10 / Honor 9C / Play 3 - Gold Edition ;6052403
Modulo Huawei Y8S / 8X - Gold Edition ;25110403
Modulo Huawei Y9 2019 / 9P- Gold Edition ;6052405
Modulo Infinix Smart 8 C/Marco - Gold Edition ;24300788
Modulo iPhone 11 - Black Edition ;74002401
Modulo iPhone 11 - Gold Edition ;75002470
Modulo iPhone 11 - Silver Edition ;75002469
Modulo iPhone 11 Pro - Black Edition ;75002473
Modulo iPhone 11 Pro - Gold Edition ;75002472
Modulo iPhone 11 Pro - Silver Edition ;75002471
Modulo iPhone 11 Pro Max - Black Edition ;75002476
Modulo iPhone 11 Pro Max - Gold Edition ;75002475
Modulo iPhone 11 Pro Max - Silver Edition ;75002474
Modulo iPhone 12 / 12 Pro - Black Edition ;75002479
Modulo iPhone 12 / 12 Pro - Gold Edition ;75002478
Modulo iPhone 12 / 12 Pro - Silver Edition ;75002477
Modulo iPhone 12 Mini - Black Edition ;24080703
Modulo iPhone 12 Mini - Silver Edition ;2505053
Modulo iPhone 12 Pro Max - Black Edition ;75002482
Modulo iPhone 12 Pro Max - Gold Edition ;74002503
Modulo iPhone 12 Pro Max - Silver Edition ;75002480
Modulo iPhone 13 - Black Edition ;74002402
Modulo iPhone 13 - Gold Edition ;75002467
Modulo iPhone 13 - Silver Edition ;75002461
Modulo iPhone 13 Mini - Black Edition ;24080706
Modulo iPhone 13 Mini - Silver Edition ;75002464
Modulo iPhone 13 Pro - Black Edition ;74002403
Modulo iPhone 13 Pro - Gold Edition ;74002502
Modulo iPhone 13 Pro - Silver Edition ;74002501
Modulo iPhone 13 Pro Max - Black Edition ;74002404
Modulo iPhone 13 Pro Max - Gold Edition ;75002484
Modulo iPhone 13 Pro Max - Silver Edition ;75002481
Modulo iPhone 14 - Silver Edition ;75002485
Modulo iPhone 14 Plus - Black Edition ;74002406
Modulo iPhone 14 Plus - Silver Edition ;75002486
Modulo iPhone 14 Pro - Black Edition ;74002407
Modulo iPhone 14 Pro - Gold Edition ;24260802
Modulo iPhone 14 Pro - Silver Edition ;24260801
Modulo iPhone 14 Pro Max - Black Edition ;74002408
Modulo iPhone 14 Pro Max - Gold Edition ;24260804
Modulo iPhone 14 Pro Max - Silver Edition ;24260803
Modulo iPhone 15 - Black Edition ;24260806
Modulo iPhone 15 - Silver Edition ;24260960
Modulo iPhone 15 Plus - Black Edition ;24270803
Modulo iPhone 15 Plus - Silver Edition ;24270801
Modulo iPhone 15 Pro - Black Edition ;24260809
Modulo iPhone 15 Pro - Gold Edition ;24260808
Modulo iPhone 15 Pro - Silver Edition ;24260807
Modulo iPhone 15 Pro Max - Black Edition ;25090802
Modulo iPhone 15 Pro Max - Gold Edition ;24260811
Modulo iPhone 15 Pro Max - Silver Edition ;24160816
Modulo iPhone 16 - Black Edition ;24061262
Modulo iPhone 16 Plus - Black Edition ;24061265
Modulo iPhone 16 Pro - Black Edition ;25090801
Modulo iPhone 16 Pro Max - Black Edition ;24061269
Modulo iPhone 7 - Black Edition ;
Modulo iPhone 7 - Black Edition  C: Blanco;24160822
Modulo iPhone 7 - Black Edition  C: Negro;24160819
Modulo iPhone 7 - Gold Edition ;
Modulo iPhone 7 - Gold Edition  C: Blanco;24010730
Modulo iPhone 7 - Gold Edition  C: Negro;24010731
Modulo iPhone 7 - Silver Edition ;
Modulo iPhone 7 - Silver Edition  C: Blanco;24160824
Modulo iPhone 7 - Silver Edition  C: Negro;24160821
Modulo iPhone 7 Plus - Black Edition ;
Modulo iPhone 7 Plus - Black Edition  C: Blanco;24260810
Modulo iPhone 7 Plus - Black Edition  C: Negro;24160813
Modulo iPhone 7 Plus - Gold Edition ;
Modulo iPhone 7 Plus - Gold Edition  C: Blanco;24080704
Modulo iPhone 7 Plus - Gold Edition  C: Negro;24010732
Modulo iPhone 7 Plus - Silver Edition ;
Modulo iPhone 7 Plus - Silver Edition  C: Blanco;24160818
Modulo iPhone 7 Plus - Silver Edition  C: Negro;24160815
Modulo iPhone 8 - Black Edition ;
Modulo iPhone 8 - Black Edition  C: Blanco;24160810
Modulo iPhone 8 - Black Edition  C: Negro;24160807
Modulo iPhone 8 - Silver Edition ;
Modulo iPhone 8 - Silver Edition  C: Blanco;24160812
Modulo iPhone 8 - Silver Edition  C: Negro;24160809
Modulo iPhone 8 - Wuzip Gold ;
Modulo iPhone 8 - Wuzip Gold  C: Blanco;24010850
Modulo iPhone 8 - Wuzip Gold  C: Negro;24160808
Modulo iPhone 8 Plus - Black Edition ;
Modulo iPhone 8 Plus - Black Edition  C: Blanco;24160804
Modulo iPhone 8 Plus - Black Edition  C: Negro;24160801
Modulo iPhone 8 Plus - Silver Edition ;
Modulo iPhone 8 Plus - Silver Edition  C: Blanco;24160806
Modulo iPhone 8 Plus - Silver Edition  C: Negro;24160803
Modulo iPhone 8 Plus - Wuzip Gold ;
Modulo iPhone 8 Plus - Wuzip Gold  C: Blanco;24010733
Modulo iPhone 8 Plus - Wuzip Gold  C: Negro;24010734
Modulo iPhone X - Black Edition ;75002460
Modulo iPhone X - Silver Edition ;75002459
Modulo iPhone XR - Black Edition ;75002462
Modulo iPhone XR - Silver Edition ;24080110
Modulo iPhone XS - Black Edition ;75002465
Modulo iPhone XS - Gold Edition ;24260812
Modulo iPhone XS - Silver Edition ;75002463
Modulo iPhone XS Max - Black Edition ;75002468
Modulo iPhone XS Max - Gold Edition ;24061266
Modulo iPhone XS Max - Silver Edition ;75002466
Modulo LG  K22 / K22 PLUS - Gold Edition ;24300814
Modulo LG K40S - Gold Edition ;24300812
Modulo LG K42 / K52 / K62 - Gold Edition ;25210806
Modulo LG K51 - Gold Edition ;25210807
Modulo LG K61 - Gold Edition ;25080901
Modulo Moto E13 XT2345 - Gold Edition ;20008820
Modulo Moto E13 XT2345 C/Marco - Gold Edition ;25210811
Modulo Moto E14 XT2421 - Black Edition ;24131101
Modulo Moto E14 XT2421 - Gold Edition ;24160905
Modulo Moto E14 XT2421 C/Marco - Gold Edition ;25210810
Modulo Moto E15 XT2523 / G05 XT2523 - Gold Edition ;25260321
Modulo Moto E20 C/Marco - Gold Edition ;25210816
Modulo Moto E20 XT2155 - Gold Edition ;24010701
Modulo Moto E22 / E22i XT2239 - Gold Edition ;20001021
Modulo Moto E32 / E32S XT2227 - Gold Edition ;15441188
Modulo Moto E32 C/Marco - Gold Edition ;25210817
Modulo Moto E40 XT2159 C/Marco - Gold Edition ;57710009
Modulo Moto E6 Play XT2029 - GoldEdition ;24010711
Modulo Moto E6 Plus XT2025 - Gold Edition ;91929044
Modulo Moto E6S / E6i XT2053 - Gold Edition ;20001022
Modulo Moto E7 / E7 Power / E7i / E7i Power XT2095 - Gold Edition ;15441190
Modulo Moto E7 C/Marco - Gold Edition ;25210813
Modulo Moto E7 Plus - G9 Play - Gold Edition ;24010704
Modulo Moto E7 Plus C/Marco - Gold Edition ;25210814
Modulo Moto E7 Power / E71 Power C/Marco - Gold Edition ;25210815
Modulo Moto Edge  50 Ultra / X50 Ultra - Black Edition ;25060201
Modulo Moto Edge  50 Ultra C/Marco - Black Edition ;24061241
Modulo Moto Edge 30 / G52 / G71S / G72 / G82 - Silver Edition ;24230805
Modulo Moto Edge 30 / G52 / G71s / G82 XT2203 - Black Edition ;55929532
Modulo Moto Edge 30 Fusion C/Marco XT2243 - Black Edition ;25110201
Modulo Moto Edge 30 Fusion XT2243 - Black Edition ;55929514
Modulo Moto Edge 30 Fusion XT2243 - Silver Edition ;24230801
Modulo Moto Edge 30 Neo XT2245 - Black Edition ;20001023
Modulo Moto Edge 30 Neo XT2245 - Silver Edition ;24081201
Modulo Moto Edge 30 Pro XT2201 - Black Edition ;55929533
Modulo Moto Edge 30 Pro XT2201 - Silver Edition ;24230802
Modulo Moto Edge 40 / X40 XT2303 C/Marco - Black Edition ;24160911
Modulo Moto Edge 40 Neo XT2307 - Black Edition ;24131001
Modulo Moto Edge 40 Neo XT2307 - SilverEdition ;24160922
Modulo Moto Edge 40 Neo XT2307 C/Marco - Black Edition ;24160912
Modulo Moto Edge 40 Pro / X40 - Black Edition ;25250801
Modulo Moto Edge 40 Pro / X40 C/Marco - Black Edition ;24160913
Modulo Moto Edge 50 / Edge 50 Pro - Black Edition ;25260340
Modulo Moto G04 / G04S / G24 / G24 Power / E14 - Gold Edition ;24160908
Modulo Moto G04 / G04S / G24 / G24 Power / E14- Black Edition ;24131002
Modulo Moto G04 C/Marco - Gold Edition ;25210826
Modulo Moto G10 / G20 / G30 XT2128/9 - Gold Edition ;24010702
Modulo Moto G13 / G23 / G34 / G45 / G53 - Gold Edition ;91929529
Modulo Moto G13 C/Marco - Gold Edition ;25210820
Modulo Moto G14 / G54 / G54 Power / G55 / G64 - Gold Edition ;25120501
Modulo Moto G14 C/Marco - Gold Edition ;25210821
Modulo Moto G15 / G15 Power XT2521 - Gold Edition ;25260320
Modulo Moto G20 C/Marco - Gold Edition ;25210822
Modulo Moto G200 - Gold Edition ;25210812
Modulo Moto G22 C/Marco - Gold Edition ;25210823
Modulo Moto G22 XT2231 - Gold Edition ;99127039
Modulo Moto G23 C/Marco - Gold Edition ;25210824
Modulo Moto G24 / G24 Power C/Marco - Gold Edition ;25210825
Modulo Moto G30 C/Marco - Gold Edition ;25210827
Modulo Moto G30 XT2129 - Gold Edition ;24010710
Modulo Moto G31 / G41 / G71 XT2173 - Black Edition ;24230804
Modulo Moto G31 / G41 / G71 XT2173 - Gold Edition ;24130901
Modulo Moto G31 / G41 / G71 XT2173 - Silver Edition ;25150501
Modulo Moto G31 C/Marco - Gold Edition ;25210828
Modulo Moto G32 / G73 XT2235- Gold Edition ;91929515
Modulo Moto G35 XT2433 - Gold Edition ;25260330
Modulo Moto G40 Fusion / G51 / G60 / G60S - Gold Edition ;99121514
Modulo Moto G42 XT2233 - Black Edition ;55002251
Modulo Moto G42 XT2233 - Silver Edition ;24260950
Modulo Moto G52 / G82 C/Frame - Black Edition ;55929513
Modulo Moto G52 / G82 C/Marco - Gold Edition ;24131004
Modulo Moto G7 Play XT1952 - Black Edition ;24220801
Modulo Moto G7 Play XT1952 - Silver Edition ;24271201
Modulo Moto G7 Power - Gold Edition ;48101091
Modulo Moto G75 XT2437 / G Power XT2515 - Gold Edition ;25260303
Modulo Moto G8 - Gold Edition ;24010835
Modulo Moto G8 Plus  XT2019 - Black Edition ;24131103
Modulo Moto G8 Plus  XT2019 - Gold Edition ;24010724
Modulo Moto G8 Power Lite  XT2055 - Gold Edition ;25100602
Modulo Moto G8 Power Lite C/Marco XT2055 - Gold Edition ;57710011
Modulo Moto G8 Power XT2041 - Gold Edition ;24010820
Modulo Moto G84 XT2347 - Black Edition ;24160921
Modulo Moto G84 XT2347 - Gold Edition ;24081203
Modulo Moto G84 XT2347 - Silver Edition ;24160906
Modulo Moto G85 / Edge 50 Fusion - Black Edition ;24160907
Modulo Moto G9 Plus C/Marco - Gold Edition ;25210818
Modulo Moto G9 Plus XT2087 - Gold Edition ;48101200
Modulo Moto G9 Power C/Marco - Gold Edition ;25210819
Modulo Moto G9 Power XT2091 - Black Edition ;25050201
Modulo Moto G9 Power XT2091 - Gold Edition ;24220803
Modulo Moto One Action / Vision - Black Edition ;24131006
Modulo Moto One Action / Vision - Gold Edition ;57710002
Modulo Moto One Fusion - Gold Edition ;57710004
Modulo Moto One Hyper - Gold Edition ;57710006
Modulo Moto One Zoom - Gold Edition ;57710007
Modulo Poco F6 Pro / Redmi K70 / K70 Pro - Black Edition ;25260306
Modulo Poco X3 GT - Gold Edition ;6052451
Modulo Poco X6 Pro / F6 / Redmi  K70E - Black Edition ;24020720
Modulo Poco X7 - Black Edition ;25260307
Modulo Poco X7 Pro - Black Edition ;25260308
Modulo Realme C35 - Gold Edition ;24300769
Modulo Realme Note 50 / C51 / C53 - Gold Edition ;25260361
Modulo Redmi 10 / 11 4G - Gold Edition ;25100201
Modulo Redmi 10 / 11 4G C/Marco - Gold Edition ;25100202
Modulo Redmi 10C / Poco C40 - Gold Edition ;57710019
Modulo Redmi 10C / Poco C40 C/Marco - Gold Edition ;24300735
Modulo Redmi 12 / 13 / Note 12R / Poco M6 Pro 5G - Gold Edition ;24071210
Modulo Redmi 12C / 11A / Poco C55 - Gold Edition ;99021405
Modulo Redmi 13C / 13R / Poco M6 / C65- Gold Edition ;99021407
Modulo Redmi 14C / 14R / A3 Pro / A4 5G / Poco C75 - Gold Edition ;24071202
Modulo Redmi 9 / 9 Prime / M2 C/Marco - Gold Edition ;24300744
Modulo Redmi 9A / 9C / 10A - Gold Edition ;91929531
Modulo Redmi 9A / 9C / 10A C/Marco - Gold Edition ;99121541
Modulo Redmi 9T / M3 - Gold Edition ;24010720
Modulo Redmi A1 / A1 Plus / A2 / A2 Plus / Poco C50 - Gold Edition ;99021558
Modulo Redmi A1 / A1 Plus / A2 / A2 Plus / Poco C50 C/Marco - Gold Edition ;17142021
Modulo Redmi A3 / A3 Plus / Poco C61- Gold Edition ;24250901
Modulo Redmi A3 Pro - Gold Edition ;24071201
Modulo Redmi A5 / Poco C71- Gold Edition ;25120504
Modulo Redmi Note 10 4G / Note 10s / Poco M5s - Gold Edition ;24010706
Modulo Redmi Note 10 4G / Note 10s / Poco M5s - Silver Edition ;24020702
Modulo Redmi Note 10 4G / Note 10s / Poco M5s C/Marco - Gold Edition ;24300740
Modulo Redmi Note 10 4G / Note 10s / Poco M5s C/Marco - Silver Edition ;24300741
Modulo Redmi Note 10 5G / M3 Pro - Gold Edition ;20001026
Modulo Redmi Note 10 Pro 4G / 11 Pro / 11 Pro Plus / 12 Pro 4G / X4 Pro - Gold Edition ;24131021
Modulo Redmi Note 10 Pro 4G / 11 Pro / 11 Pro Plus / 12 Pro 4G / X4 Pro - Silver Edition ;24010897
Modulo Redmi Note 11 / 11s C/Marco - Gold Edition ;25140901
Modulo Redmi Note 11 4G / Note 11S / Note 12S - Gold Edition ;99021562
Modulo Redmi Note 11 4G / Note 11S / Note 12S - Silver Edition ;24230811
Modulo Redmi Note 11 4G / Note 11S / Note 12S C/Marco - Gold Edition ;25060901
Modulo Redmi Note 11 4G / Note 11S / Note 12S C/Marco - Silver Edition ;24150706
Modulo Redmi Note 11 C/Marco - Gold Edition ;25140510
Modulo Redmi Note 12 / X5 - Gold Edition ;99021404
Modulo Redmi Note 12 / X5 - Silver Edition ;24020701
Modulo Redmi Note 12 Pro 5G / 12 Pro Plus / X5 Pro - Black Edition ;99121522
Modulo Redmi Note 12 Pro 5G / 12 Pro Plus / X5 Pro - Black Edition ;24020803
Modulo Redmi Note 13 4G - Gold Edition ;24201201
Modulo Redmi Note 13 5G / X6 - Black Edition ;24271211
Modulo Redmi Note 13 Pro 5G / Poco X6 5G - Black Edition ;99121525
Modulo Redmi Note 13 Pro Plus / Note 14 Pro 5G / 14 Pro Plus / X7 - Black Edition ;25120510
Modulo Redmi Note 14 / Poco M7 Pro - Gold Edition ;25120508
Modulo Redmi Note 8 - Gold Edition ;91929500
Modulo Redmi Note 8 - Silver Edition ;24300745
Modulo Redmi Note 8 C/Marco - Gold Edition ;17142023
Modulo Redmi Note 8 Pro - Gold Edition ;24010707
Modulo Redmi Note 9 / Redmi 10x 4G  - Gold Edition ;99021402
Modulo Redmi Note 9s / Note 9 Pro - Gold Edition ;99029811
Modulo Redmi Note 9s / Note 9 Pro C/Marco - Gold Edition ;99021403
Modulo Samsung A01 A015 - Gold Edition ;24010843
Modulo Samsung A01 Core A013 - Gold Edition ;24010825
Modulo Samsung A02 A022 - Black Edition ;24131104
Modulo Samsung A02 A022 - Gold Edition ;24010723
Modulo Samsung A02S / A03 / A03s / A04E - Gold Edition ;99129044
Modulo Samsung A02S / A03 / A03s / A04E - Gold Edition ;20009960
Modulo Samsung A02S / A03 / A03s / A04E - Gold Edition ;24010709
Modulo Samsung A02S C/Marco - Gold Edition ;25210843
Modulo Samsung A03 A035F C/Marco - Gold Edition ;17142004
Modulo Samsung A03 Core A032F - Gold Edition ;99125005
Modulo Samsung A03s A037F/M C/Marco - Gold Edition ;17142005
Modulo Samsung A04 A045F - Gold Edition ;99127011
Modulo Samsung A04 C/Marco - Gold Edition ;25210844
Modulo Samsung A04E C/Marco - Gold Edition ;17142007
Modulo Samsung A04S - Black Edition ;24081210
Modulo Samsung A04S C/Marco - Gold Edition ;25210846
Modulo Samsung A05 A055 - Black Edition ;99121529
Modulo Samsung A05 A055 - Gold Edition ;99121527
Modulo Samsung A05S A057 - Gold Edition ;24160901
Modulo Samsung A05S C/Marco - Gold Edition ;25210847
Modulo Samsung A06 - Gold Edition ;24061221
Modulo Samsung A06 - Silver Edition ;24061220
Modulo Samsung A10 A105F - Gold Edition ;20001095
Modulo Samsung A10 C/Marco - Gold Edition ;17142011
Modulo Samsung A10s A107 - Gold Edition ;91929510
Modulo Samsung A10s C/Marco - Gold Edition ;17142012
Modulo Samsung A11 A115 C/Marco - Gold Edition ;24121201
Modulo Samsung A11 A115F/M - Black Edition ;24131105
Modulo Samsung A11 A115F/M - Gold Edition ;24010708
Modulo Samsung A12 / A12 Nacho C/Marco - Gold Edition ;25210848
Modulo Samsung A12 A125 - Gold Edition ;99121513
Modulo Samsung A13 A135F - Black Edition ;24131106
Modulo Samsung A13 A135F - Gold Edition ;57710012
Modulo Samsung A13 C/Marco - Gold Edition ;24280801
Modulo Samsung A14 A145 4G - Gold Edition ;91929512
Modulo Samsung A14 A146 5G - Gold Edition ;20001009
Modulo Samsung A15 C/Marco - Gold Edition ;6072401
Modulo Samsung A15 C/Marco - Silver Edition ;57710014
Modulo Samsung A16 - Black Edition ;24081213
Modulo Samsung A16 - Gold Edition ;24061223
Modulo Samsung A16 - Silver Edition ;24061222
Modulo Samsung A20 A205F C/Marco - Gold Edition ;24180701
Modulo Samsung A20s A207F - Gold Edition ;41550087
Modulo Samsung A20s C/Marco - Gold Edition ;17142018
Modulo Samsung A21s A217 - Gold Edition ;18062405
Modulo Samsung A21s A217 C/Marco - Black Edition ;24131107
Modulo Samsung A21s A217 C/Marco - Gold Edition ;24010703
Modulo Samsung A22 A225 4G C/Marco - Gold Edition ;91929898
Modulo Samsung A22 A225 4G C/Marco - Silver Edition ;6072402
Modulo Samsung A22 A226 5G C/Marco - Gold Edition ;24010719
Modulo Samsung A23 A235F 4G - Gold Edition ;24010901
Modulo Samsung A23 A235F 4G C/Marco - Gold Edition ;91929530
Modulo Samsung A23 A236 5G - Black Edition ;24131108
Modulo Samsung A23 A236 5G - Gold Edition ;99121518
Modulo Samsung A24 - Black Edition ;24081215
Modulo Samsung A24 - Silver Edition ;24061290
Modulo Samsung A24 C/Marco - Gold Edition ;91924128
Modulo Samsung A25 A256 - Silver Edition ;24160902
Modulo Samsung A25 A256 C/Marco - Black Edition ;24160918
Modulo Samsung A25 A256 C/Marco - Gold Edition ;24271202
Modulo Samsung A25 A256 C/Marco - Silver Edition ;25110202
Modulo Samsung A30 / A50 - Gold Edition ;24131007
Modulo Samsung A30 / A50 - Silver Edition ;91929516
Modulo Samsung A30 C/Marco - Gold Edition ;24271203
Modulo Samsung A30s A307 C/Marco - Gold Edition ;24131008
Modulo Samsung A30s A307 C/Marco - Silver Edition ;20001012
Modulo Samsung A31 A315 C/Marco - Gold Edition ;24131009
Modulo Samsung A31 A315 C/Marco - Silver Edition ;20001013
Modulo Samsung A32 A325 4G C/Marco - Gold Edition ;99121536
Modulo Samsung A32 A325 4G C/Marco - Silver Edition ;20001014
Modulo Samsung A32 A326 5G C/Marco - Gold Edition ;84477111
Modulo Samsung A33 A336 5G C/Marco - Black Edition ;24081217
Modulo Samsung A33 A336 5G C/Marco - Gold Edition ;20141005
Modulo Samsung A33 A336 5G C/Marco - Silver Edition ;24131010
Modulo Samsung A34 A346 5G C/Marco - Gold Edition ;20001027
Modulo Samsung A34 A346 5G C/Marco - Silver Edition ;24190902
Modulo Samsung A35 A356 - Silver Edition ;24160903
Modulo Samsung A35 A356 C/Marco - Black Edition ;24160919
Modulo Samsung A35 A356 C/Marco - Gold Edition ;24131011
Modulo Samsung A36 A366 - Black Edition ;25260301
Modulo Samsung A36 A366 - Silver Edition ;25150502
Modulo Samsung A36 A366 C/Marco - Black Edition ;25140501
Modulo Samsung A36 A366 C/Marco - Silver Edition ;25150503
Modulo Samsung A50 A505 - Black Edition ;20001016
Modulo Samsung A50 A505 C/Marco - Gold Edition ;99121519
Modulo Samsung A50 A505 C/Marco - Silver Edition ;99125040
Modulo Samsung A51 A515 C/Marco - Black Edition ;22301017
Modulo Samsung A51 A515 C/Marco - Gold Edition ;12062024
Modulo Samsung A51 A515 C/Marco - Silver Edition ;20001018
Modulo Samsung A52 / A52S - Black Edition ;24131013
Modulo Samsung A52 / A52S - Silver Edition ;20001019
Modulo Samsung A52 / A52S C/Marco - Black Edition ;24121202
Modulo Samsung A52 / A52S C/Marco - Gold Edition ;24131012
Modulo Samsung A53 A536 - Silver Edition ;24040901
Modulo Samsung A53 A536 C/Marco - Black Edition ;24131014
Modulo Samsung A53 A536 C/Marco - Gold Edition ;57710016
Modulo Samsung A53 A536 C/Marco - Silver Edition ;57710015
Modulo Samsung A54 A546 C/Marco - Gold Edition ;91011777
Modulo Samsung A54 A546 C/Marco - Silver Edition ;24130903
Modulo Samsung A55 A556 - Silver Edition ;24160904
Modulo Samsung A55 A556 C/Marco - Black Edition ;24160920
Modulo Samsung A55 A556 C/Marco - Gold Edition ;24131015
Modulo Samsung A70 A705 - Silver Edition ;57710017
Modulo Samsung A70 A705 C/Marco - Gold Edition ;57710018
Modulo Samsung A70 A705 C/Marco - Silver Edition ;24020802
Modulo Samsung A71 - Silver Edition ;24010890
Modulo Samsung A71 C/Marco- Gold Edition ;24010891
Modulo Samsung A71 C/Marco- Silver Edition ;24020801
Modulo Samsung A72 - Silver Edition ;24010892
Modulo Samsung A72 C/Marco- Gold Edition ;24010893
Modulo Samsung Note 20 Ultra C/Marco - Gold Edition ;25210842
Modulo Samsung S20 FE C/Marco - Gold Edition ;84477112
Modulo Samsung S20 FE C/Marco - Silver Edition ;24131020
Modulo Samsung S21 FE 5G C/Marco - Black Edition ;24081220
Modulo Samsung S21 FE 5G C/Marco - Gold Edition ;24061291
Modulo Samsung S21 FE 5G C/Marco - Silver Edition ;24061292
Modulo Samsung S22 Ultra C/Marco - Gold Edition ;25210839
Modulo Samsung S23 FE C/Marco - Black Edition ;24081221
Modulo Samsung S23 FE C/Marco - Gold Edition ;24061293
Modulo Samsung S23 FE C/Marco - Silver Edition ;24061294
Modulo Samsung S23 Ultra C/Marco - Gold Edition ;25210840
Modulo Samsung S24 FE C/Marco - Black Edition ;24271210
Modulo Samsung S24 FE C/Marco - Gold Edition ;24061295
Modulo Samsung S24 Ultra C/Marco - Gold Edition ;25210841
Modulo TCL 10 SE - Gold Edition ;20001001
Modulo TCL 20 SE - Gold Edition ;20001002
Modulo TCL 20E / 20Y- Gold Edition ;57710021
Modulo TCL 30 / 30 Plus / 30 5G - Gold Edition ;25260350
Modulo TCL 30 SE / E - Gold Edition ;20001003
Modulo TCL 305i - Gold Edition ;20001004
Modulo TCL 40 NxtPaper / 50SE - Gold Edition ;24160916
Modulo TCL 40 SE - Gold Edition ;99108100
Modulo TCL 403 - Gold Edition ;24160915
Modulo TCL 405 - Gold Edition ;99101488
Modulo TCL 408 - Gold Edition ;24160914
Modulo TCL 50 Pro - Gold Edition ;24061252
Modulo TCL 50 XE / 50 5G - Gold Edition ;24061250
Modulo TCL 501 - Gold Edition ;24061251
Modulo TCL 503 - Gold Edition ;25260145
Modulo TCL 505 - Gold Edition ;24160917
Modulo Tecno Spark 10 Pro / 20 Pro / Hot 30 / 40 / 40 Pro - Gold Edition ;24250902
Modulo Tecno Spark 10 Pro C/Marco - Gold Edition ;24300779
Modulo Tecno Spark 20 / 20C / Go 2024 / Hot 40i / Smart 8 / 8 Plus / 8 Pro / Hot 40i - Gold Edition ;24250903
Modulo Tecno Spark Camon 30S - Gold Edition ;25260360
Modulo Tecno Spark GO 2022 - Gold Edition ;24250905
Modulo Tecno Spark GO 2024 - Gold Edition ;24250906
Modulo Tecno Spark Pop 7 / Smart 7 Plus / Hot 30i C/Marco - Gold Edition ;24300774
Modulo Tecno Spark Pova 6 - Gold Edition ;24061253
Modulo Xiaomi 13 Lite - Black Edition ;24071230
Modulo Xiaomi 13T / 13T Pro / K60 Ultra - Gold Edition ;25110210
Modulo Xiaomi 14 - Black Edition ;24071235
Modulo Xiaomi 14 Ultra - Gold Edition ;24071251
Modulo Xiaomi 14T / 14T Pro / Redmi K70 Ultra - Black Edition ;24071250
Modulo Xiaomi 9T - Gold Edition ;24131110
Modulo Xiaomi Poco X3 / X3 Pro C/Marco - Gold Edition ;25210832
Modulo ZTE Blade A34 / Blade A54 - Gold Edition ;24250910
Modulo ZTE Blade A51 (2020 / 2021) / Blade A71 - Gold Edition ;24250913
Modulo ZTE Blade A53 / A53 Plus - Gold Edition ;24250912
Modulo ZTE Blade A72 / Blade A72S - Gold Edition ;24250914
Modulo ZTE Blade A73 4G - Gold Edition ;24250915
Modulo ZTE Blade A75 / Nubia Focus / Nubia Music - Gold Edition ;24061231
Modulo ZTE Focus Pro / Neo 2 5G - Gold Edition ;24061233
Modulo ZTE Nubia Neo 5G - Gold Edition ;24061230
Modulo ZTE V40 Design - Gold Edition ;24250907
Modulo ZTE V50 Design - Gold Edition ;24250908
Modulo ZTE V60 Design - Gold Edition ;25130550
MULTIMETRO autorango WUZIP - WZ-90P ;5901234123457
Pack x100 Cargador de Pared 20W - PD charger - Wuzip ;CARWUZX100
Pen limpiador DOBLE Wuzip con cuchillas ;25100456
Pen limpiador Wuzip Simple con cuchillas ;25090407
Placa de Carga Moto E13 ;20022011
Placa de Carga Moto E14 ;24061201
Placa de Carga Moto E20 ;65000214
Placa de Carga Moto E22 ;65000215
Placa de Carga Moto E32 ;20022012
Placa de Carga Moto E40 ;20022013
Placa de Carga Moto E6 Play ;20022014
Placa de Carga Moto E6 Plus XT2025 ;65000216
Placa de Carga Moto E6s ;20022015
Placa de Carga Moto E7 Plus XT2081 ;20022016
Placa de Carga Moto E7 XT2095 ;24010705
Placa de Carga Moto G04 ;24061202
Placa de Carga Moto G13 ;24010860
Placa de Carga Moto G20 XT2128 ;20022017
Placa de Carga Moto G22 ;65000217
Placa de Carga Moto G30 ;65000218
Placa de Carga Moto G31 ;20022018
Placa de Carga Moto G32 ;20022019
Placa de Carga Moto G34 ;24081205
Placa de Carga Moto G42 ;24010861
Placa de Carga Moto G52 ;24010862
Placa de Carga Moto G54 ;24081206
Placa de Carga Moto G6 Play ;107081016829
Placa de Carga Moto G60 / G60S ;24010718
Placa de Carga Moto G7 Play ;65000219
Placa de Carga Moto G7 Power ;65000220
Placa de Carga Moto G8 ;24010715
Placa de Carga Moto G8 Play ;24010712
Placa de Carga Moto G8 Plus ;24010716
Placa de Carga Moto G8 Power ;24010846
Placa de Carga Moto G8 Power Lite ;24010864
Placa de Carga Moto G9 / G9 Play ;20022020
Placa de Carga Moto G9 Plus ;65000221
Placa de Carga Moto G9 Power ;65000222
Placa de Carga Samsung A01 ;65000223
Placa de Carga Samsung A01 Core A013 ;25200401
Placa de Carga Samsung A01 Core Original ;2505051
Placa de Carga Samsung A01 Original ;25050502
Placa de Carga Samsung A02 a022 ;24010867
Placa de Carga Samsung A02s A025 ;24010842
Placa de Carga Samsung A02S Original ;24010895
Placa de Carga Samsung A03 ;65000224
Placa de Carga Samsung A03 Core ;20022001
Placa de Carga Samsung A03S ;65000225
Placa de Carga Samsung A04 ;20022002
Placa de Carga Samsung A04E ;65000226
Placa de Carga Samsung A05 / A05S ;24010870
Placa de Carga Samsung A06 ;24061281
Placa de Carga Samsung A10 A105 ;65000227
Placa de Carga Samsung A10 Original ;25200402
Placa de Carga Samsung A10s A107 M15 ;24010714
Placa de Carga Samsung A10s A107 M16 ;20022003
Placa de Carga Samsung A11 A115 ;65000228
Placa de Carga Samsung A11 Original ;25140410
Placa de Carga Samsung A12 A125 ;20022004
Placa de Carga Samsung A12 Original ;65000229
Placa de Carga Samsung A13 ;20022005
Placa de Carga Samsung A14 ;65000230
Placa de Carga Samsung A15 ;24010880
Placa de Carga Samsung A16 ;24061280
Placa de Carga Samsung A20 A205 ;65000231
Placa de Carga Samsung A20 Original ;24010898
Placa de Carga Samsung A20s A207 M12 ;65000232
Placa de Carga Samsung A20s A207 M14 ;20022007
Placa de Carga Samsung A21 ;25160401
Placa de Carga Samsung A21 Original ;39476548476
Placa de Carga Samsung A21S ;65000233
Placa de Carga Samsung A22 4G ;24010841
Placa de Carga Samsung A22 Original ;65000234
Placa de Carga Samsung A23 ;24010881
Placa de Carga Samsung A24 ;24010882
Placa de Carga Samsung A25 4G / A25 5G ;24061205
Placa de Carga Samsung A30 A305 ;24010721
Placa de Carga Samsung A30 Original ;24010717
Placa de Carga Samsung A30s A307 ;24010840
Placa de Carga Samsung A30s Original ;24101001
Placa de Carga Samsung A31 A315 ;20022008
Placa de Carga Samsung A31 Original ;65000235
Placa de Carga Samsung A32 A325 ;65000236
Placa de Carga Samsung A33 ;24010883
Placa de Carga Samsung A34 ;24010884
Placa de Carga Samsung A35 ;24061206
Placa de Carga Samsung A50 A505 ;65000237
Placa de Carga Samsung A50 Original ;20022009
Placa de Carga Samsung A51 A515 ;24010888
Placa de Carga Samsung A51 Original ;24010713
Placa de Carga Samsung A52 A525 ;24010887
Placa de Carga Samsung A52 A525 Original ;20022010
Placa de Carga Samsung A53 Original ;24010885
Placa de Carga Samsung A54 Original ;24010886
Placa de Carga Samsung A55 ;24061207
Placa de Carga Samsung A70 ;24061208
Placa de Carga Samsung A71 A715 Original ;24010896
Placa de Carga Samsung A72 A725 Original ;65000238
Placa de Carga Samsung S20 FE ;24061209
Placa de Carga Samsung S21 FE ;25110410
Placa de Carga Samsung S23 FE ;25110412
Placa de Carga Samsung S24 FE ;25110413
TWEEZER TITANIO WUZIP CURVA ;ETT-002
TWEEZER TITANIO WUZIP RECTA ;ETT-001
Vidrio Cámara iPhone 11 ;107082069130
Vidrio Cámara iPhone 11 pro / Pro Max ;107082069327
Vidrio Cámara iPhone 6 Plus / 6s Plus ;25100419
WUZIP STENCIL SILVER ;
WUZIP STENCIL SILVER  C: iPhone 11 (A13);748322991872
WUZIP STENCIL SILVER  C: iPhone 14 (A15 - A16);748322991841
WUZIP STENCIL SILVER  C: iPhone 15 (A16 - A17);748322991834
WUZIP STENCIL SILVER  C: Multiproposito 01;748322991827
WUZIP STENCIL SILVER  C: Multiproposito 02;748322991810
WUZIP STENCIL SILVER  C: iPhone 12 (A14);748322991865
WUZIP STENCIL SILVER  C: iPhone 13 (A15);6941590207025
WUZIP STENCIL SILVER  C: iPhone XS - XS Max - XR (A12);748322991803
Almohadilla termica para remover IC - Wylie ;25041701
Pen Bisturi precision Knife con cuchillas ;2025042102
WYLIE Power boot cable WL-615 ;25042405
Probador de placa 3 en 1 para 11/Pro/Pro MAX ;6977215800012
Probador de placa 4 en 1 para 13/Pro/Pro MAX/mini ;6977215800036
Probador de placa 4 en 1 para 14/plus/Pro/Pro MAX ;6977215800043
Probador de placa 4 en 1 para 15/plus/Pro/Pro MAX - ESIM Version ;6977215800050
Probador de placa 4 en 1 para 16/plus/Pro/Pro MAX ;6977215800470
Reballing Platform 13/13 Pro/13 Pro Max/13 Mini ;2025090201
Reballing Platform 14 / 14 Plus / 14 Pro / 14 Pro Max ;2025090202
Reballing Platform 15 / 15 plus / 15 Pro / 15 Pro Max ;6977215800357
Reballing Platform 16 / 16 plus / 16 Pro / 16 Pro Max ;2025102701
Batea ultrasonido cleaner YAOGONG (10L) ;2025091102
ESTACION DE SOLDADO - AIRE - 858d ;920250521858
ESTACION DE SOLDADO - YAOGONG CAUTIN - t12 ;2025091201
ESTACION DE SOLDADO 2 en 1 - 852d+ ;920250517852
ESTACION DE SOLDADO 2 en 1 - 878d ;920240904878
